,8
TCGA.OR.A5J1.01,2
TCGA.OR.A5J2.01,1
TCGA.OR.A5J3.01,4
TCGA.OR.A5J5.01,7
TCGA.OR.A5J6.01,1
TCGA.OR.A5J7.01,1
TCGA.OR.A5J8.01,2
TCGA.OR.A5J9.01,4
TCGA.OR.A5JA.01,4
TCGA.OR.A5JB.01,2
TCGA.OR.A5JC.01,6
TCGA.OR.A5JD.01,5
TCGA.OR.A5JE.01,2
TCGA.OR.A5JF.01,4
TCGA.OR.A5JG.01,4
TCGA.OR.A5JI.01,6
TCGA.OR.A5JJ.01,4
TCGA.OR.A5JK.01,6
TCGA.OR.A5JL.01,8
TCGA.OR.A5JM.01,2
TCGA.OR.A5JO.01,2
TCGA.OR.A5JP.01,1
TCGA.OR.A5JQ.01,5
TCGA.OR.A5JR.01,5
TCGA.OR.A5JS.01,1
TCGA.OR.A5JT.01,5
TCGA.OR.A5JV.01,3
TCGA.OR.A5JW.01,4
TCGA.OR.A5JX.01,4
TCGA.OR.A5JY.01,8
TCGA.OR.A5JZ.01,3
TCGA.OR.A5K0.01,1
TCGA.OR.A5K1.01,3
TCGA.OR.A5K2.01,1
TCGA.OR.A5K3.01,4
TCGA.OR.A5K4.01,3
TCGA.OR.A5K5.01,1
TCGA.OR.A5K6.01,8
TCGA.OR.A5K8.01,7
TCGA.OR.A5K9.01,8
TCGA.OR.A5KO.01,4
TCGA.OR.A5KT.01,2
TCGA.OR.A5KU.01,4
TCGA.OR.A5KV.01,2
TCGA.OR.A5KW.01,4
TCGA.OR.A5KX.01,1
TCGA.OR.A5KY.01,6
TCGA.OR.A5KZ.01,8
TCGA.OR.A5L3.01,2
TCGA.OR.A5L4.01,4
TCGA.OR.A5L5.01,3
TCGA.OR.A5L6.01,5
TCGA.OR.A5L8.01,6
TCGA.OR.A5L9.01,3
TCGA.OR.A5LA.01,3
TCGA.OR.A5LB.01,7
TCGA.OR.A5LC.01,6
TCGA.OR.A5LD.01,2
TCGA.OR.A5LE.01,2
TCGA.OR.A5LG.01,1
TCGA.OR.A5LH.01,3
TCGA.OR.A5LJ.01,6
TCGA.OR.A5LK.01,6
TCGA.OR.A5LL.01,1
TCGA.OR.A5LM.01,7
TCGA.OR.A5LN.01,6
TCGA.OR.A5LO.01,4
TCGA.OR.A5LP.01,6
TCGA.OR.A5LR.01,3
TCGA.OR.A5LS.01,7
TCGA.OR.A5LT.01,5
TCGA.OU.A5PI.01,7
TCGA.P6.A5OG.01,2
TCGA.PA.A5YG.01,6
TCGA.PK.A5H9.01,2
TCGA.PK.A5HA.01,6
TCGA.PK.A5HB.01,8
