TCGA.3Z.A93Z.01,5
TCGA.6D.AA2E.01,4
TCGA.A3.3357.01,1
TCGA.A3.3358.01,4
TCGA.A3.3367.01,5
TCGA.A3.3370.01,5
TCGA.A3.3373.01,7
TCGA.A3.3376.01,6
TCGA.A3.3385.01,4
TCGA.A3.3387.01,3
TCGA.A3.A6NI.01,4
TCGA.A3.A6NJ.01,4
TCGA.A3.A6NL.01,6
TCGA.A3.A6NN.01,6
TCGA.A3.A8CQ.01,6
TCGA.A3.A8OU.01,4
TCGA.A3.A8OV.01,4
TCGA.A3.A8OW.01,5
TCGA.A3.A8OX.01,6
TCGA.AK.3425.01,3
TCGA.AK.3428.01,7
TCGA.AK.3431.01,6
TCGA.AK.3433.01,4
TCGA.AK.3434.01,5
TCGA.AK.3440.01,4
TCGA.AK.3445.01,8
TCGA.AK.3450.01,4
TCGA.AK.3453.01,5
TCGA.AK.3454.01,5
TCGA.AK.3458.01,2
TCGA.AK.3460.01,5
TCGA.AK.3461.01,5
TCGA.B0.4688.01,8
TCGA.B0.4690.01,8
TCGA.B0.4691.01,2
TCGA.B0.4693.01,4
TCGA.B0.4694.01,3
TCGA.B0.4696.01,8
TCGA.B0.4697.01,8
TCGA.B0.4698.01,8
TCGA.B0.4699.01,8
TCGA.B0.4700.01,3
TCGA.B0.4701.01,5
TCGA.B0.4703.01,8
TCGA.B0.4706.01,5
TCGA.B0.4707.01,2
TCGA.B0.4710.01,5
TCGA.B0.4712.01,3
TCGA.B0.4713.01,2
TCGA.B0.4714.01,5
TCGA.B0.4718.01,5
TCGA.B0.4810.01,8
TCGA.B0.4811.01,5
TCGA.B0.4813.01,8
TCGA.B0.4814.01,5
TCGA.B0.4815.01,2
TCGA.B0.4816.01,5
TCGA.B0.4817.01,2
TCGA.B0.4818.01,4
TCGA.B0.4819.01,8
TCGA.B0.4821.01,2
TCGA.B0.4822.01,8
TCGA.B0.4823.01,6
TCGA.B0.4824.01,4
TCGA.B0.4827.01,3
TCGA.B0.4828.01,5
TCGA.B0.4841.01,5
TCGA.B0.4842.01,2
TCGA.B0.4843.01,8
TCGA.B0.4844.01,2
TCGA.B0.4845.01,5
TCGA.B0.4846.01,4
TCGA.B0.4847.01,2
TCGA.B0.4848.01,3
TCGA.B0.4849.01,5
TCGA.B0.4852.01,4
TCGA.B0.4945.01,5
TCGA.B0.5080.01,3
TCGA.B0.5083.01,6
TCGA.B0.5092.01,2
TCGA.B0.5094.01,2
TCGA.B0.5095.01,8
TCGA.B0.5096.01,3
TCGA.B0.5097.01,8
TCGA.B0.5098.01,8
TCGA.B0.5099.01,5
TCGA.B0.5100.01,8
TCGA.B0.5102.01,4
TCGA.B0.5104.01,4
TCGA.B0.5106.01,5
TCGA.B0.5107.01,2
TCGA.B0.5108.01,8
TCGA.B0.5109.01,8
TCGA.B0.5110.01,6
TCGA.B0.5113.01,5
TCGA.B0.5115.01,5
TCGA.B0.5116.01,6
TCGA.B0.5117.01,4
TCGA.B0.5119.01,7
TCGA.B0.5120.01,6
TCGA.B0.5121.01,5
TCGA.B0.5399.01,4
TCGA.B0.5400.01,2
TCGA.B0.5402.01,7
TCGA.B0.5690.01,6
TCGA.B0.5691.01,6
TCGA.B0.5692.01,1
TCGA.B0.5693.01,7
TCGA.B0.5694.01,3
TCGA.B0.5695.01,7
TCGA.B0.5696.01,7
TCGA.B0.5697.01,1
TCGA.B0.5698.01,4
TCGA.B0.5699.01,4
TCGA.B0.5701.01,1
TCGA.B0.5702.01,8
TCGA.B0.5703.01,4
TCGA.B0.5705.01,7
TCGA.B0.5706.01,3
TCGA.B0.5707.01,1
TCGA.B0.5709.01,3
TCGA.B0.5710.01,6
TCGA.B0.5711.01,7
TCGA.B0.5712.01,1
TCGA.B0.5713.01,7
TCGA.B0.5812.01,6
TCGA.B2.3924.01,4
TCGA.B2.4101.01,5
TCGA.B2.5633.01,6
TCGA.B2.5635.01,7
TCGA.B2.5639.01,1
TCGA.B2.5641.01,3
TCGA.B2.A4SR.01,6
TCGA.B4.5377.01,7
TCGA.B4.5378.01,6
TCGA.B4.5832.01,3
TCGA.B4.5834.01,6
TCGA.B4.5835.01,1
TCGA.B4.5836.01,7
TCGA.B4.5838.01,3
TCGA.B4.5843.01,7
TCGA.B4.5844.01,7
TCGA.B8.4146.01,7
TCGA.B8.4153.01,4
TCGA.B8.4621.01,1
TCGA.B8.4622.01,5
TCGA.B8.5158.01,1
TCGA.B8.5159.01,7
TCGA.B8.5162.01,3
TCGA.B8.5163.01,3
TCGA.B8.5164.01,1
TCGA.B8.5165.01,6
TCGA.B8.5545.01,6
TCGA.B8.5546.01,7
TCGA.B8.5549.01,7
TCGA.B8.5550.01,3
TCGA.B8.5551.01,3
TCGA.B8.5552.01,6
TCGA.B8.5553.01,7
TCGA.B8.A54D.01,2
TCGA.B8.A54E.01,1
TCGA.B8.A54F.01,5
TCGA.B8.A54G.01,2
TCGA.B8.A54H.01,5
TCGA.B8.A54I.01,2
TCGA.B8.A54J.01,5
TCGA.B8.A54K.01,5
TCGA.B8.A7U6.01,5
TCGA.B8.A8YJ.01,6
TCGA.BP.4177.01,6
TCGA.BP.4760.01,6
TCGA.BP.4770.01,3
TCGA.BP.4782.01,3
TCGA.BP.4795.01,6
TCGA.BP.4801.01,6
TCGA.BP.4993.01,6
TCGA.BP.5010.01,8
TCGA.BP.5169.01,2
TCGA.BP.5170.01,3
TCGA.BP.5173.01,4
TCGA.BP.5174.01,1
TCGA.BP.5175.01,2
TCGA.BP.5176.01,7
TCGA.BP.5177.01,6
TCGA.BP.5178.01,2
TCGA.BP.5180.01,1
TCGA.BP.5181.01,7
TCGA.BP.5182.01,3
TCGA.BP.5183.01,1
TCGA.BP.5184.01,6
TCGA.BP.5185.01,2
TCGA.BP.5186.01,7
TCGA.BP.5187.01,6
TCGA.BP.5189.01,3
TCGA.BP.5190.01,1
TCGA.BP.5191.01,2
TCGA.BP.5192.01,7
TCGA.BP.5194.01,7
TCGA.BP.5195.01,6
TCGA.BP.5196.01,8
TCGA.BP.5198.01,3
TCGA.BP.5199.01,5
TCGA.BP.5200.01,7
TCGA.BP.5201.01,4
TCGA.BP.5202.01,7
TCGA.CJ.4869.01,2
TCGA.CJ.4882.01,8
TCGA.CJ.4897.01,7
TCGA.CJ.4901.01,8
TCGA.CJ.4902.01,8
TCGA.CJ.4903.01,4
TCGA.CJ.4904.01,6
TCGA.CJ.4905.01,6
TCGA.CJ.4907.01,6
TCGA.CJ.4908.01,6
TCGA.CJ.4912.01,2
TCGA.CJ.4916.01,4
TCGA.CJ.4918.01,6
TCGA.CJ.4920.01,5
TCGA.CJ.5671.01,3
TCGA.CJ.5672.01,1
TCGA.CJ.5675.01,1
TCGA.CJ.5676.01,3
TCGA.CJ.5677.01,3
TCGA.CJ.5678.01,1
TCGA.CJ.5679.01,1
TCGA.CJ.5680.01,1
TCGA.CJ.5681.01,7
TCGA.CJ.5682.01,6
TCGA.CJ.5683.01,7
TCGA.CJ.5684.01,7
TCGA.CJ.5686.01,7
TCGA.CJ.5689.01,3
TCGA.CJ.6027.01,3
TCGA.CJ.6028.01,3
TCGA.CJ.6030.01,3
TCGA.CJ.6031.01,3
TCGA.CJ.6032.01,7
TCGA.CJ.6033.01,3
TCGA.CW.5580.01,7
TCGA.CW.5581.01,7
TCGA.CW.5583.01,6
TCGA.CW.5584.01,7
TCGA.CW.5585.01,7
TCGA.CW.5587.01,7
TCGA.CW.5588.01,3
TCGA.CW.5589.01,6
TCGA.CW.5590.01,3
TCGA.CW.5591.01,7
TCGA.CW.6087.01,3
TCGA.CW.6088.01,6
TCGA.CW.6090.01,3
TCGA.CW.6093.01,6
TCGA.CW.6097.01,3
TCGA.CZ.4853.01,4
TCGA.CZ.4856.01,7
TCGA.CZ.4859.01,7
TCGA.CZ.4863.01,7
TCGA.CZ.4864.01,4
TCGA.CZ.4865.01,3
TCGA.CZ.4866.01,1
TCGA.CZ.5451.01,7
TCGA.CZ.5452.01,1
TCGA.CZ.5453.01,7
TCGA.CZ.5454.01,4
TCGA.CZ.5455.01,7
TCGA.CZ.5456.01,3
TCGA.CZ.5457.01,7
TCGA.CZ.5458.01,7
TCGA.CZ.5459.01,4
TCGA.CZ.5460.01,4
TCGA.CZ.5461.01,3
TCGA.CZ.5462.01,1
TCGA.CZ.5463.01,7
TCGA.CZ.5464.01,3
TCGA.CZ.5465.01,4
TCGA.CZ.5466.01,1
TCGA.CZ.5467.01,6
TCGA.CZ.5468.01,2
TCGA.CZ.5469.01,2
TCGA.CZ.5470.01,1
TCGA.CZ.5982.01,7
TCGA.CZ.5984.01,1
TCGA.CZ.5985.01,1
TCGA.CZ.5986.01,7
TCGA.CZ.5987.01,1
TCGA.CZ.5988.01,3
TCGA.CZ.5989.01,7
TCGA.DV.5565.01,6
TCGA.DV.5566.01,4
TCGA.DV.5567.01,6
TCGA.DV.5568.01,3
TCGA.DV.5569.01,7
TCGA.DV.5573.01,3
TCGA.DV.5574.01,3
TCGA.DV.5575.01,6
TCGA.DV.5576.01,6
TCGA.DV.A4VX.01,2
TCGA.DV.A4VZ.01,8
TCGA.DV.A4W0.01,5
TCGA.EU.5904.01,6
TCGA.EU.5905.01,3
TCGA.EU.5906.01,7
TCGA.EU.5907.01,1
TCGA.G6.A5PC.01,2
TCGA.G6.A8L6.01,5
TCGA.G6.A8L7.01,2
TCGA.G6.A8L8.01,5
TCGA.GK.A6C7.01,6
TCGA.MM.A563.01,5
TCGA.MM.A564.01,5
TCGA.MM.A84U.01,2
TCGA.MW.A4EC.01,4
TCGA.T7.A92I.01,4
