,8
TCGA.2K.A9WE.01,3
TCGA.2Z.A9J1.01,8
TCGA.2Z.A9J2.01,3
TCGA.2Z.A9J3.01,8
TCGA.2Z.A9J5.01,2
TCGA.2Z.A9J6.01,8
TCGA.2Z.A9J7.01,8
TCGA.2Z.A9J8.01,3
TCGA.2Z.A9J9.01,3
TCGA.2Z.A9JD.01,2
TCGA.2Z.A9JE.01,8
TCGA.2Z.A9JG.01,1
TCGA.2Z.A9JI.01,4
TCGA.2Z.A9JJ.01,3
TCGA.2Z.A9JK.01,3
TCGA.2Z.A9JL.01,3
TCGA.2Z.A9JM.01,8
TCGA.2Z.A9JN.01,3
TCGA.2Z.A9JO.01,3
TCGA.2Z.A9JP.01,2
TCGA.2Z.A9JQ.01,8
TCGA.2Z.A9JR.01,2
TCGA.2Z.A9JS.01,2
TCGA.2Z.A9JT.01,2
TCGA.4A.A93W.01,8
TCGA.4A.A93X.01,2
TCGA.4A.A93Y.01,7
TCGA.5P.A9JU.01,5
TCGA.5P.A9JV.01,3
TCGA.5P.A9JW.01,3
TCGA.5P.A9JY.01,8
TCGA.5P.A9JZ.01,2
TCGA.5P.A9K0.01,1
TCGA.5P.A9K2.01,8
TCGA.5P.A9K3.01,4
TCGA.5P.A9K4.01,8
TCGA.5P.A9K6.01,2
TCGA.5P.A9K8.01,3
TCGA.5P.A9K9.01,4
TCGA.5P.A9KA.01,3
TCGA.5P.A9KC.01,3
TCGA.5P.A9KE.01,2
TCGA.5P.A9KF.01,2
TCGA.5P.A9KH.01,3
TCGA.A4.7286.01,1
TCGA.A4.7287.01,7
TCGA.A4.7288.01,2
TCGA.A4.7583.01,5
TCGA.A4.7584.01,2
TCGA.A4.7585.01,7
TCGA.A4.7732.01,1
TCGA.A4.7734.01,2
TCGA.A4.7828.01,3
TCGA.A4.7915.01,6
TCGA.A4.7996.01,5
TCGA.A4.7997.01,2
TCGA.A4.8098.01,4
TCGA.A4.8310.01,1
TCGA.A4.8311.01,8
TCGA.A4.8312.01,3
TCGA.A4.8515.01,8
TCGA.A4.8516.01,8
TCGA.A4.8517.01,1
TCGA.A4.8518.01,3
TCGA.A4.8630.01,8
TCGA.A4.A48D.01,3
TCGA.A4.A4ZT.01,1
TCGA.A4.A57E.01,3
TCGA.A4.A5DU.01,1
TCGA.A4.A5XZ.01,1
TCGA.A4.A5Y0.01,2
TCGA.A4.A5Y1.01,4
TCGA.A4.A6HP.01,8
TCGA.A4.A772.01,5
TCGA.A4.A7UZ.01,5
TCGA.AL.7173.01,3
TCGA.AL.A5DJ.01,4
TCGA.AT.A5NU.01,1
TCGA.B1.5398.01,5
TCGA.B1.7332.01,1
TCGA.B1.A47M.01,8
TCGA.B1.A47N.01,8
TCGA.B1.A47O.01,3
TCGA.B1.A654.01,8
TCGA.B1.A655.01,3
TCGA.B1.A656.01,3
TCGA.B1.A657.01,2
TCGA.B3.8121.01,3
TCGA.B3.A6W5.01,1
TCGA.B9.5155.01,1
TCGA.B9.5156.01,2
TCGA.B9.7268.01,1
TCGA.B9.A44B.01,4
TCGA.B9.A5W7.01,8
TCGA.B9.A5W8.01,3
TCGA.B9.A5W9.01,1
TCGA.B9.A69E.01,3
TCGA.B9.A8YH.01,8
TCGA.B9.A8YI.01,3
TCGA.BQ.5875.01,4
TCGA.BQ.5876.01,5
TCGA.BQ.5877.01,4
TCGA.BQ.5878.01,3
TCGA.BQ.5879.01,6
TCGA.BQ.5880.01,3
TCGA.BQ.5881.01,5
TCGA.BQ.5882.01,4
TCGA.BQ.5883.01,3
TCGA.BQ.5884.01,3
TCGA.BQ.5885.01,2
TCGA.BQ.5886.01,2
TCGA.BQ.5887.01,4
TCGA.BQ.5888.01,3
TCGA.BQ.5889.01,3
TCGA.BQ.5890.01,4
TCGA.BQ.5891.01,1
TCGA.BQ.5892.01,3
TCGA.BQ.5893.01,6
TCGA.BQ.5894.01,6
TCGA.BQ.7044.01,4
TCGA.BQ.7045.01,2
TCGA.BQ.7046.01,1
TCGA.BQ.7048.01,3
TCGA.BQ.7049.01,3
TCGA.BQ.7050.01,3
TCGA.BQ.7051.01,1
TCGA.BQ.7053.01,3
TCGA.BQ.7055.01,3
TCGA.BQ.7056.01,3
TCGA.BQ.7058.01,4
TCGA.BQ.7059.01,3
TCGA.BQ.7060.01,2
TCGA.BQ.7061.01,4
TCGA.BQ.7062.01,2
TCGA.DW.5560.01,8
TCGA.DW.5561.01,1
TCGA.DW.7834.01,2
TCGA.DW.7836.01,1
TCGA.DW.7837.01,2
TCGA.DW.7838.01,3
TCGA.DW.7839.01,2
TCGA.DW.7840.01,8
TCGA.DW.7841.01,2
TCGA.DW.7842.01,2
TCGA.DW.7963.01,2
TCGA.DZ.6132.01,3
TCGA.DZ.6133.01,1
TCGA.DZ.6134.01,5
TCGA.DZ.6135.01,3
TCGA.EV.5901.01,5
TCGA.EV.5902.01,2
TCGA.EV.5903.01,2
TCGA.F9.A4JJ.01,6
TCGA.F9.A7Q0.01,2
TCGA.F9.A7VF.01,5
TCGA.F9.A8NY.01,6
TCGA.F9.A97G.01,3
TCGA.G7.6789.01,4
TCGA.G7.6790.01,1
TCGA.G7.6792.01,3
TCGA.G7.6793.01,6
TCGA.G7.6795.01,1
TCGA.G7.6796.01,3
TCGA.G7.6797.01,2
TCGA.G7.7501.01,7
TCGA.G7.7502.01,2
TCGA.G7.A4TM.01,8
TCGA.G7.A8LB.01,8
TCGA.G7.A8LC.01,5
TCGA.G7.A8LD.01,4
TCGA.G7.A8LE.01,8
TCGA.GL.6846.01,1
TCGA.GL.7773.01,3
TCGA.GL.7966.01,6
TCGA.GL.8500.01,8
TCGA.GL.A4EM.01,3
TCGA.GL.A59R.01,8
TCGA.GL.A59T.01,1
TCGA.GL.A9DC.01,8
TCGA.GL.A9DD.01,2
TCGA.GL.A9DE.01,3
TCGA.HE.7128.01,2
TCGA.HE.7129.01,1
TCGA.HE.7130.01,7
TCGA.HE.A5NF.01,2
TCGA.HE.A5NH.01,2
TCGA.HE.A5NI.01,1
TCGA.HE.A5NJ.01,1
TCGA.HE.A5NK.01,5
TCGA.HE.A5NL.01,2
TCGA.IA.A40U.01,1
TCGA.IA.A40X.01,3
TCGA.IA.A40Y.01,4
TCGA.IA.A83S.01,5
TCGA.IA.A83T.01,5
TCGA.IA.A83V.01,5
TCGA.IA.A83W.01,3
TCGA.IZ.8195.01,2
TCGA.IZ.8196.01,8
TCGA.IZ.A6M8.01,2
TCGA.IZ.A6M9.01,8
TCGA.J7.6720.01,2
TCGA.J7.8537.01,7
TCGA.J7.A8I2.01,7
TCGA.KV.A6GD.01,3
TCGA.KV.A6GE.01,1
TCGA.KV.A74V.01,1
TCGA.MH.A55W.01,1
TCGA.MH.A55Z.01,8
TCGA.MH.A560.01,5
TCGA.MH.A561.01,5
TCGA.MH.A562.01,8
TCGA.MH.A854.01,5
TCGA.MH.A855.01,3
TCGA.MH.A856.01,3
TCGA.MH.A857.01,3
TCGA.O9.A75Z.01,5
TCGA.P4.A5E6.01,3
TCGA.P4.A5E7.01,1
TCGA.P4.A5E8.01,6
TCGA.P4.A5EA.01,6
TCGA.P4.A5EB.01,5
TCGA.P4.A5ED.01,3
TCGA.P4.AAVK.01,2
TCGA.P4.AAVL.01,2
TCGA.P4.AAVM.01,2
TCGA.P4.AAVO.01,4
TCGA.PJ.A5Z8.01,5
TCGA.PJ.A5Z9.01,1
TCGA.Q2.A5QZ.01,4
TCGA.SX.A71R.01,1
TCGA.SX.A71S.01,5
TCGA.SX.A71U.01,2
TCGA.SX.A71V.01,5
TCGA.SX.A71W.01,1
TCGA.SX.A7SL.01,2
TCGA.SX.A7SM.01,4
TCGA.SX.A7SN.01,2
TCGA.SX.A7SO.01,3
TCGA.SX.A7SP.01,2
TCGA.SX.A7SQ.01,8
TCGA.SX.A7SR.01,8
TCGA.SX.A7SS.01,8
TCGA.SX.A7SU.01,2
TCGA.UN.AAZ9.01,4
TCGA.UZ.A9PJ.01,8
TCGA.UZ.A9PK.01,8
TCGA.UZ.A9PL.01,8
TCGA.UZ.A9PM.01,8
TCGA.UZ.A9PN.01,2
TCGA.UZ.A9PO.01,2
TCGA.UZ.A9PP.01,2
TCGA.UZ.A9PQ.01,4
TCGA.UZ.A9PR.01,8
TCGA.UZ.A9PS.01,2
TCGA.UZ.A9PU.01,8
TCGA.UZ.A9PV.01,8
TCGA.UZ.A9PX.01,8
TCGA.UZ.A9PZ.01,8
TCGA.UZ.A9Q0.01,8
TCGA.UZ.A9Q1.01,2
TCGA.V9.A7HT.01,5
TCGA.WN.A9G9.01,3
TCGA.WN.AB4C.01,3
TCGA.Y8.A894.01,2
TCGA.Y8.A895.01,8
TCGA.Y8.A896.01,3
TCGA.Y8.A897.01,5
TCGA.Y8.A898.01,5
TCGA.Y8.A8RY.01,8
TCGA.Y8.A8RZ.01,3
TCGA.Y8.A8S0.01,8
TCGA.Y8.A8S1.01,3
