,x
TCGA.3C.AAAU.01,1
TCGA.3C.AALI.01,2
TCGA.3C.AALJ.01,2
TCGA.3C.AALK.01,1
TCGA.5L.AAT0.01,1
TCGA.5L.AAT1.01,1
TCGA.5T.A9QA.01,2
TCGA.A1.A0SB.01,1
TCGA.A1.A0SE.01,1
TCGA.A1.A0SF.01,2
TCGA.A1.A0SG.01,1
TCGA.A1.A0SH.01,1
TCGA.A1.A0SI.01,3
TCGA.A1.A0SJ.01,1
TCGA.A1.A0SK.01,3
TCGA.A1.A0SM.01,3
TCGA.A1.A0SO.01,3
TCGA.A1.A0SP.01,2
TCGA.A1.A0SQ.01,1
TCGA.A2.A04R.01,2
TCGA.A2.A0CK.01,2
TCGA.A2.A0CO.01,1
TCGA.A2.A0CR.01,2
TCGA.A2.A0CT.01,2
TCGA.A2.A0EN.01,1
TCGA.A2.A0EP.01,1
TCGA.A2.A0EU.01,1
TCGA.A2.A0ST.01,1
TCGA.A2.A0SU.01,1
TCGA.A2.A0SV.01,2
TCGA.A2.A0SW.01,2
TCGA.A2.A0SX.01,3
TCGA.A2.A0SY.01,1
TCGA.A2.A0T0.01,2
TCGA.A2.A0T1.01,2
TCGA.A2.A0T2.01,2
TCGA.A2.A0T4.01,1
TCGA.A2.A0T5.01,2
TCGA.A2.A0T6.01,1
TCGA.A2.A0T7.01,3
TCGA.A2.A0YC.01,1
TCGA.A2.A0YD.01,1
TCGA.A2.A0YF.01,1
TCGA.A2.A0YG.01,3
TCGA.A2.A0YH.01,2
TCGA.A2.A0YI.01,1
TCGA.A2.A0YK.01,1
TCGA.A2.A0YL.01,1
TCGA.A2.A0YM.01,3
TCGA.A2.A0YT.01,2
TCGA.A2.A1FV.01,3
TCGA.A2.A1FW.01,1
TCGA.A2.A1FX.01,2
TCGA.A2.A1FZ.01,1
TCGA.A2.A1G0.01,1
TCGA.A2.A1G1.01,1
TCGA.A2.A1G4.01,1
TCGA.A2.A1G6.01,1
TCGA.A2.A259.01,1
TCGA.A2.A25A.01,1
TCGA.A2.A25B.01,2
TCGA.A2.A25C.01,3
TCGA.A2.A25D.01,2
TCGA.A2.A25E.01,2
TCGA.A2.A25F.01,1
TCGA.A2.A3KC.01,1
TCGA.A2.A3KD.01,1
TCGA.A2.A3XS.01,3
TCGA.A2.A3XU.01,2
TCGA.A2.A3XV.01,2
TCGA.A2.A3XW.01,2
TCGA.A2.A3XX.01,2
TCGA.A2.A3XY.01,1
TCGA.A2.A3XZ.01,1
TCGA.A2.A3Y0.01,2
TCGA.A2.A4RW.01,3
TCGA.A2.A4RX.01,1
TCGA.A2.A4RY.01,1
TCGA.A2.A4S0.01,1
TCGA.A2.A4S1.01,1
TCGA.A2.A4S2.01,1
TCGA.A2.A4S3.01,2
TCGA.A7.A0D9.01,1
TCGA.A7.A13D.01,3
TCGA.A7.A13E.01,3
TCGA.A7.A13F.01,2
TCGA.A7.A13G.01,1
TCGA.A7.A13H.01,1
TCGA.A7.A26E.01,1
TCGA.A7.A26F.01,1
TCGA.A7.A26G.01,1
TCGA.A7.A26H.01,3
TCGA.A7.A26I.01,3
TCGA.A7.A26J.01,3
TCGA.A7.A2KD.01,3
TCGA.A7.A3IY.01,2
TCGA.A7.A3IZ.01,1
TCGA.A7.A3J0.01,2
TCGA.A7.A3J1.01,1
TCGA.A7.A3RF.01,2
TCGA.A7.A425.01,2
TCGA.A7.A426.01,1
TCGA.A7.A4SA.01,1
TCGA.A7.A4SB.01,3
TCGA.A7.A4SC.01,1
TCGA.A7.A4SD.01,3
TCGA.A7.A4SE.01,3
TCGA.A7.A4SF.01,2
TCGA.A7.A56D.01,2
TCGA.A7.A5ZV.01,2
TCGA.A7.A5ZW.01,1
TCGA.A7.A5ZX.01,1
TCGA.A7.A6VV.01,3
TCGA.A7.A6VW.01,2
TCGA.A7.A6VX.01,3
TCGA.A7.A6VY.01,2
TCGA.A8.A075.01,3
TCGA.A8.A08O.01,1
TCGA.A8.A0A6.01,1
TCGA.A8.A0AD.01,1
TCGA.AC.A23C.01,1
TCGA.AC.A23E.01,1
TCGA.AC.A23G.01,1
TCGA.AC.A23H.01,3
TCGA.AC.A2B8.01,1
TCGA.AC.A2BK.01,3
TCGA.AC.A2BM.01,1
TCGA.AC.A2FB.01,1
TCGA.AC.A2FE.01,1
TCGA.AC.A2FF.01,1
TCGA.AC.A2FG.01,1
TCGA.AC.A2FK.01,1
TCGA.AC.A2FM.01,1
TCGA.AC.A2FO.01,1
TCGA.AC.A2QH.01,1
TCGA.AC.A2QI.01,1
TCGA.AC.A2QJ.01,2
TCGA.AC.A3BB.01,1
TCGA.AC.A3EH.01,2
TCGA.AC.A3HN.01,1
TCGA.AC.A3OD.01,1
TCGA.AC.A3QP.01,2
TCGA.AC.A3QQ.01,3
TCGA.AC.A3TM.01,2
TCGA.AC.A3TN.01,2
TCGA.AC.A3W5.01,2
TCGA.AC.A3W6.01,1
TCGA.AC.A3W7.01,1
TCGA.AC.A3YI.01,1
TCGA.AC.A3YJ.01,2
TCGA.AC.A4ZE.01,3
TCGA.AC.A5EH.01,1
TCGA.AC.A5XS.01,2
TCGA.AC.A5XU.01,3
TCGA.AC.A62V.01,1
TCGA.AC.A62X.01,2
TCGA.AC.A62Y.01,3
TCGA.AC.A6IV.01,1
TCGA.AC.A6IW.01,2
TCGA.AC.A6IX.01,1
TCGA.AC.A6NO.01,3
TCGA.AC.A7VB.01,1
TCGA.AC.A7VC.01,2
TCGA.AC.A8OP.01,3
TCGA.AC.A8OQ.01,3
TCGA.AC.A8OR.01,1
TCGA.AC.A8OS.01,1
TCGA.AN.A0XL.01,3
TCGA.AN.A0XN.01,3
TCGA.AN.A0XO.01,2
TCGA.AN.A0XP.01,1
TCGA.AN.A0XR.01,1
TCGA.AN.A0XS.01,1
TCGA.AN.A0XU.01,3
TCGA.AN.A0XV.01,1
TCGA.AN.A0XW.01,3
TCGA.AO.A03L.01,1
TCGA.AO.A03M.01,1
TCGA.AO.A03N.01,2
TCGA.AO.A03U.01,1
TCGA.AO.A0JA.01,3
TCGA.AO.A0JB.01,2
TCGA.AO.A0JC.01,1
TCGA.AO.A0JD.01,2
TCGA.AO.A0JE.01,1
TCGA.AO.A0JF.01,1
TCGA.AO.A0JG.01,1
TCGA.AO.A0JI.01,1
TCGA.AO.A0JJ.01,1
TCGA.AO.A0JL.01,2
TCGA.AO.A0JM.01,2
TCGA.AO.A124.01,2
TCGA.AO.A125.01,2
TCGA.AO.A126.01,2
TCGA.AO.A128.01,1
TCGA.AO.A129.01,2
TCGA.AO.A12B.01,2
TCGA.AO.A12C.01,1
TCGA.AO.A12E.01,1
TCGA.AO.A12G.01,2
TCGA.AO.A1KO.01,1
TCGA.AO.A1KP.01,2
TCGA.AO.A1KQ.01,2
TCGA.AO.A1KR.01,2
TCGA.AO.A1KS.01,1
TCGA.AO.A1KT.01,2
TCGA.AQ.A04H.01,3
TCGA.AQ.A04L.01,2
TCGA.AQ.A0Y5.01,3
TCGA.AQ.A1H2.01,2
TCGA.AQ.A1H3.01,3
TCGA.AQ.A54N.01,2
TCGA.AQ.A54O.01,2
TCGA.AQ.A7U7.01,1
TCGA.AR.A0TP.01,3
TCGA.AR.A0TQ.01,1
TCGA.AR.A0TR.01,3
TCGA.AR.A0TT.01,1
TCGA.AR.A0TV.01,1
TCGA.AR.A0TX.01,1
TCGA.AR.A0TZ.01,1
TCGA.AR.A0U2.01,3
TCGA.AR.A0U3.01,3
TCGA.AR.A0U4.01,2
TCGA.AR.A1AI.01,3
TCGA.AR.A1AJ.01,1
TCGA.AR.A1AK.01,1
TCGA.AR.A1AL.01,1
TCGA.AR.A1AM.01,1
TCGA.AR.A1AN.01,1
TCGA.AR.A1AO.01,1
TCGA.AR.A1AP.01,1
TCGA.AR.A1AQ.01,2
TCGA.AR.A1AR.01,1
TCGA.AR.A1AS.01,2
TCGA.AR.A1AU.01,1
TCGA.AR.A1AV.01,1
TCGA.AR.A1AW.01,1
TCGA.AR.A1AX.01,1
TCGA.AR.A1AY.01,3
TCGA.AR.A24H.01,2
TCGA.AR.A24K.01,2
TCGA.AR.A24L.01,3
TCGA.AR.A24M.01,1
TCGA.AR.A24N.01,1
TCGA.AR.A24O.01,1
TCGA.AR.A24P.01,1
TCGA.AR.A24Q.01,2
TCGA.AR.A24R.01,1
TCGA.AR.A24S.01,3
TCGA.AR.A24T.01,1
TCGA.AR.A24U.01,1
TCGA.AR.A24V.01,2
TCGA.AR.A24W.01,1
TCGA.AR.A24X.01,1
TCGA.AR.A24Z.01,2
TCGA.AR.A250.01,2
TCGA.AR.A251.01,3
TCGA.AR.A252.01,1
TCGA.AR.A254.01,2
TCGA.AR.A255.01,3
TCGA.AR.A256.01,2
TCGA.AR.A2LE.01,1
TCGA.AR.A2LH.01,1
TCGA.AR.A2LJ.01,2
TCGA.AR.A2LK.01,1
TCGA.AR.A2LL.01,3
TCGA.AR.A2LM.01,1
TCGA.AR.A2LN.01,1
TCGA.AR.A2LO.01,1
TCGA.AR.A2LQ.01,1
TCGA.AR.A2LR.01,3
TCGA.AR.A5QM.01,1
TCGA.AR.A5QN.01,3
TCGA.AR.A5QP.01,1
TCGA.AR.A5QQ.01,2
TCGA.B6.A0I1.01,2
TCGA.B6.A0IK.01,2
TCGA.B6.A0RE.01,2
TCGA.B6.A0RG.01,2
TCGA.B6.A0RI.01,1
TCGA.B6.A0RL.01,2
TCGA.B6.A0RM.01,2
TCGA.B6.A0RN.01,1
TCGA.B6.A0RO.01,2
TCGA.B6.A0RP.01,3
TCGA.B6.A0RS.01,2
TCGA.B6.A0RT.01,1
TCGA.B6.A0RU.01,1
TCGA.B6.A0RV.01,1
TCGA.B6.A0WT.01,1
TCGA.B6.A0WV.01,3
TCGA.B6.A0WW.01,2
TCGA.B6.A0WX.01,2
TCGA.B6.A0WY.01,2
TCGA.B6.A0WZ.01,2
TCGA.B6.A0X4.01,2
TCGA.B6.A0X5.01,2
TCGA.B6.A0X7.01,1
TCGA.B6.A1KC.01,3
TCGA.B6.A1KF.01,2
TCGA.B6.A1KI.01,2
TCGA.B6.A1KN.01,3
TCGA.B6.A2IU.01,1
TCGA.B6.A3ZX.01,1
TCGA.B6.A400.01,3
TCGA.B6.A401.01,3
TCGA.B6.A402.01,2
TCGA.B6.A408.01,1
TCGA.B6.A409.01,2
TCGA.B6.A40B.01,2
TCGA.B6.A40C.01,3
TCGA.BH.A0AU.01,3
TCGA.BH.A0AW.01,2
TCGA.BH.A0AZ.01,1
TCGA.BH.A0B3.01,2
TCGA.BH.A0B5.01,1
TCGA.BH.A0B6.01,1
TCGA.BH.A0B8.01,3
TCGA.BH.A0B9.01,2
TCGA.BH.A0BA.01,1
TCGA.BH.A0BF.01,3
TCGA.BH.A0BJ.01,1
TCGA.BH.A0BM.01,1
TCGA.BH.A0BT.01,2
TCGA.BH.A0BZ.01,2
TCGA.BH.A0C0.01,2
TCGA.BH.A0C3.01,1
TCGA.BH.A0DD.01,3
TCGA.BH.A0DG.01,1
TCGA.BH.A0DH.01,1
TCGA.BH.A0DI.01,1
TCGA.BH.A0DK.01,1
TCGA.BH.A0DP.01,1
TCGA.BH.A0DQ.01,1
TCGA.BH.A0DS.01,2
TCGA.BH.A0DV.01,1
TCGA.BH.A0E0.01,2
TCGA.BH.A0E1.01,2
TCGA.BH.A0E2.01,1
TCGA.BH.A0GY.01,3
TCGA.BH.A0GZ.01,2
TCGA.BH.A0H0.01,3
TCGA.BH.A0H3.01,1
TCGA.BH.A0H6.01,1
TCGA.BH.A0H7.01,2
TCGA.BH.A0H9.01,1
TCGA.BH.A0HA.01,2
TCGA.BH.A0HB.01,2
TCGA.BH.A0HF.01,1
TCGA.BH.A0HI.01,1
TCGA.BH.A0HK.01,3
TCGA.BH.A0HN.01,2
TCGA.BH.A0HP.01,1
TCGA.BH.A0HX.01,3
TCGA.BH.A0HY.01,2
TCGA.BH.A0RX.01,2
TCGA.BH.A0W3.01,1
TCGA.BH.A0W4.01,1
TCGA.BH.A0W5.01,1
TCGA.BH.A0WA.01,3
TCGA.BH.A1EN.01,2
TCGA.BH.A1EO.01,1
TCGA.BH.A1ES.01,1
TCGA.BH.A1ET.01,1
TCGA.BH.A1EU.01,1
TCGA.BH.A1EV.01,3
TCGA.BH.A1EW.01,1
TCGA.BH.A1EX.01,3
TCGA.BH.A1EY.01,1
TCGA.BH.A1F0.01,1
TCGA.BH.A1F2.01,3
TCGA.BH.A1F5.01,1
TCGA.BH.A1F6.01,2
TCGA.BH.A1F8.01,3
TCGA.BH.A1FB.01,1
TCGA.BH.A1FC.01,2
TCGA.BH.A1FE.01,1
TCGA.BH.A1FG.01,2
TCGA.BH.A1FH.01,1
TCGA.BH.A1FJ.01,2
TCGA.BH.A1FL.01,1
TCGA.BH.A1FM.01,3
TCGA.BH.A1FN.01,3
TCGA.BH.A1FR.01,1
TCGA.BH.A1FU.01,1
TCGA.BH.A201.01,1
TCGA.BH.A202.01,2
TCGA.BH.A203.01,1
TCGA.BH.A204.01,3
TCGA.BH.A208.01,1
TCGA.BH.A209.01,3
TCGA.BH.A28O.01,1
TCGA.BH.A28Q.01,1
TCGA.BH.A2L8.01,1
TCGA.BH.A42T.01,2
TCGA.BH.A42U.01,2
TCGA.BH.A42V.01,1
TCGA.BH.A5IZ.01,2
TCGA.BH.A5J0.01,2
TCGA.BH.A6R8.01,2
TCGA.BH.A6R9.01,1
TCGA.BH.A8FY.01,2
TCGA.BH.A8FZ.01,1
TCGA.BH.A8G0.01,1
TCGA.BH.AB28.01,3
TCGA.C8.A1HE.01,1
TCGA.C8.A1HF.01,2
TCGA.C8.A1HG.01,2
TCGA.C8.A1HI.01,2
TCGA.C8.A1HJ.01,2
TCGA.C8.A1HK.01,2
TCGA.C8.A1HL.01,2
TCGA.C8.A1HM.01,2
TCGA.C8.A1HN.01,2
TCGA.C8.A1HO.01,2
TCGA.C8.A26V.01,1
TCGA.C8.A26W.01,3
TCGA.C8.A26X.01,1
TCGA.C8.A26Y.01,2
TCGA.C8.A26Z.01,2
TCGA.C8.A273.01,2
TCGA.C8.A274.01,3
TCGA.C8.A275.01,1
TCGA.C8.A278.01,1
TCGA.C8.A27A.01,3
TCGA.C8.A27B.01,2
TCGA.C8.A3M7.01,1
TCGA.C8.A3M8.01,2
TCGA.C8.A8HP.01,2
TCGA.C8.A8HQ.01,2
TCGA.C8.A8HR.01,1
TCGA.D8.A1J8.01,3
TCGA.D8.A1J9.01,2
TCGA.D8.A1JA.01,3
TCGA.D8.A1JB.01,1
TCGA.D8.A1JC.01,3
TCGA.D8.A1JD.01,1
TCGA.D8.A1JE.01,1
TCGA.D8.A1JF.01,3
TCGA.D8.A1JG.01,1
TCGA.D8.A1JH.01,1
TCGA.D8.A1JI.01,2
TCGA.D8.A1JJ.01,3
TCGA.D8.A1JK.01,2
TCGA.D8.A1JL.01,1
TCGA.D8.A1JN.01,2
TCGA.D8.A1JP.01,2
TCGA.D8.A1JS.01,2
TCGA.D8.A1JT.01,2
TCGA.D8.A1JU.01,1
TCGA.D8.A1X5.01,3
TCGA.D8.A1X6.01,2
TCGA.D8.A1X7.01,3
TCGA.D8.A1X8.01,1
TCGA.D8.A1X9.01,1
TCGA.D8.A1XA.01,1
TCGA.D8.A1XB.01,1
TCGA.D8.A1XC.01,1
TCGA.D8.A1XD.01,1
TCGA.D8.A1XF.01,2
TCGA.D8.A1XG.01,3
TCGA.D8.A1XJ.01,2
TCGA.D8.A1XK.01,2
TCGA.D8.A1XL.01,2
TCGA.D8.A1XM.01,1
TCGA.D8.A1XO.01,3
TCGA.D8.A1XQ.01,2
TCGA.D8.A1XR.01,3
TCGA.D8.A1XS.01,3
TCGA.D8.A1XT.01,3
TCGA.D8.A1XU.01,3
TCGA.D8.A1XV.01,2
TCGA.D8.A1XW.01,3
TCGA.D8.A1XY.01,3
TCGA.D8.A1XZ.01,2
TCGA.D8.A1Y0.01,1
TCGA.D8.A1Y1.01,2
TCGA.D8.A1Y2.01,2
TCGA.D8.A1Y3.01,2
TCGA.D8.A27E.01,1
TCGA.D8.A27F.01,3
TCGA.D8.A27G.01,1
TCGA.D8.A27H.01,3
TCGA.D8.A27I.01,1
TCGA.D8.A27K.01,1
TCGA.D8.A27L.01,1
TCGA.D8.A27M.01,1
TCGA.D8.A27P.01,1
TCGA.D8.A27R.01,2
TCGA.D8.A27T.01,1
TCGA.D8.A27V.01,1
TCGA.D8.A27W.01,1
TCGA.D8.A3Z5.01,1
TCGA.D8.A3Z6.01,1
TCGA.D8.A4Z1.01,1
TCGA.D8.A73U.01,1
TCGA.D8.A73W.01,3
TCGA.D8.A73X.01,1
TCGA.E2.A105.01,1
TCGA.E2.A106.01,2
TCGA.E2.A107.01,2
TCGA.E2.A108.01,1
TCGA.E2.A109.01,3
TCGA.E2.A10B.01,1
TCGA.E2.A10C.01,2
TCGA.E2.A10E.01,1
TCGA.E2.A10F.01,1
TCGA.E2.A14N.01,2
TCGA.E2.A14U.01,1
TCGA.E2.A15I.01,1
TCGA.E2.A15J.01,2
TCGA.E2.A15K.01,2
TCGA.E2.A1AZ.01,1
TCGA.E2.A1B0.01,3
TCGA.E2.A1B1.01,1
TCGA.E2.A1B4.01,2
TCGA.E2.A1B5.01,1
TCGA.E2.A1B6.01,2
TCGA.E2.A1BC.01,1
TCGA.E2.A1BD.01,2
TCGA.E2.A1IE.01,2
TCGA.E2.A1IF.01,2
TCGA.E2.A1IG.01,3
TCGA.E2.A1IH.01,3
TCGA.E2.A1II.01,3
TCGA.E2.A1IJ.01,1
TCGA.E2.A1IK.01,2
TCGA.E2.A1IN.01,2
TCGA.E2.A1IO.01,1
TCGA.E2.A1IU.01,1
TCGA.E2.A1L6.01,1
TCGA.E2.A1L7.01,1
TCGA.E2.A1L8.01,1
TCGA.E2.A1L9.01,1
TCGA.E2.A1LA.01,2
TCGA.E2.A1LB.01,2
TCGA.E2.A1LE.01,1
TCGA.E2.A1LG.01,2
TCGA.E2.A1LH.01,1
TCGA.E2.A1LI.01,2
TCGA.E2.A1LK.01,2
TCGA.E2.A1LL.01,2
TCGA.E2.A2P5.01,2
TCGA.E2.A2P6.01,3
TCGA.E2.A3DX.01,1
TCGA.E2.A56Z.01,2
TCGA.E2.A570.01,3
TCGA.E2.A572.01,2
TCGA.E2.A573.01,2
TCGA.E2.A574.01,2
TCGA.E2.A576.01,2
TCGA.E2.A9RU.01,2
TCGA.E9.A1N3.01,1
TCGA.E9.A1N4.01,1
TCGA.E9.A1N5.01,1
TCGA.E9.A1N6.01,2
TCGA.E9.A1N8.01,3
TCGA.E9.A1N9.01,3
TCGA.E9.A1NA.01,2
TCGA.E9.A1ND.01,2
TCGA.E9.A1NE.01,1
TCGA.E9.A1NF.01,2
TCGA.E9.A1NG.01,1
TCGA.E9.A1NH.01,1
TCGA.E9.A1NI.01,2
TCGA.E9.A1QZ.01,1
TCGA.E9.A1R0.01,1
TCGA.E9.A1R2.01,3
TCGA.E9.A1R3.01,1
TCGA.E9.A1R4.01,1
TCGA.E9.A1R5.01,3
TCGA.E9.A1R6.01,2
TCGA.E9.A1R7.01,3
TCGA.E9.A1RA.01,1
TCGA.E9.A1RB.01,2
TCGA.E9.A1RC.01,3
TCGA.E9.A1RD.01,1
TCGA.E9.A1RE.01,1
TCGA.E9.A1RF.01,2
TCGA.E9.A1RG.01,2
TCGA.E9.A1RH.01,2
TCGA.E9.A1RI.01,1
TCGA.E9.A226.01,3
TCGA.E9.A227.01,1
TCGA.E9.A228.01,1
TCGA.E9.A229.01,1
TCGA.E9.A22A.01,1
TCGA.E9.A22B.01,1
TCGA.E9.A22D.01,1
TCGA.E9.A22E.01,2
TCGA.E9.A22G.01,2
TCGA.E9.A22H.01,1
TCGA.E9.A243.01,1
TCGA.E9.A244.01,2
TCGA.E9.A245.01,2
TCGA.E9.A247.01,2
TCGA.E9.A248.01,1
TCGA.E9.A249.01,2
TCGA.E9.A24A.01,1
TCGA.E9.A295.01,2
TCGA.E9.A2JS.01,2
TCGA.E9.A2JT.01,1
TCGA.E9.A3Q9.01,1
TCGA.E9.A3QA.01,2
TCGA.E9.A3X8.01,2
TCGA.E9.A54X.01,1
TCGA.E9.A54Y.01,2
TCGA.E9.A5FK.01,2
TCGA.E9.A5FL.01,2
TCGA.E9.A5UO.01,1
TCGA.E9.A5UP.01,2
TCGA.E9.A6HE.01,1
TCGA.EW.A1IW.01,1
TCGA.EW.A1IX.01,1
TCGA.EW.A1IY.01,1
TCGA.EW.A1IZ.01,2
TCGA.EW.A1J1.01,2
TCGA.EW.A1J2.01,1
TCGA.EW.A1J3.01,1
TCGA.EW.A1J5.01,3
TCGA.EW.A1J6.01,2
TCGA.EW.A1OV.01,1
TCGA.EW.A1OW.01,3
TCGA.EW.A1OX.01,1
TCGA.EW.A1OY.01,2
TCGA.EW.A1OZ.01,2
TCGA.EW.A1P0.01,3
TCGA.EW.A1P1.01,1
TCGA.EW.A1P3.01,2
TCGA.EW.A1P4.01,2
TCGA.EW.A1P5.01,1
TCGA.EW.A1P6.01,1
TCGA.EW.A1P7.01,1
TCGA.EW.A1P8.01,2
TCGA.EW.A1PA.01,3
TCGA.EW.A1PB.01,2
TCGA.EW.A1PC.01,2
TCGA.EW.A1PD.01,1
TCGA.EW.A1PE.01,1
TCGA.EW.A1PF.01,1
TCGA.EW.A1PG.01,1
TCGA.EW.A1PH.01,2
TCGA.EW.A2FR.01,1
TCGA.EW.A2FS.01,2
TCGA.EW.A2FV.01,2
TCGA.EW.A2FW.01,2
TCGA.EW.A3E8.01,1
TCGA.EW.A3U0.01,1
TCGA.EW.A423.01,2
TCGA.EW.A424.01,2
TCGA.EW.A6S9.01,1
TCGA.EW.A6SA.01,2
TCGA.EW.A6SB.01,2
TCGA.EW.A6SC.01,1
TCGA.EW.A6SD.01,3
TCGA.GI.A2C8.01,1
TCGA.GI.A2C9.01,2
TCGA.GM.A2D9.01,1
TCGA.GM.A2DA.01,1
TCGA.GM.A2DB.01,1
TCGA.GM.A2DC.01,2
TCGA.GM.A2DD.01,1
TCGA.GM.A2DF.01,1
TCGA.GM.A2DH.01,3
TCGA.GM.A2DI.01,1
TCGA.GM.A2DK.01,1
TCGA.GM.A2DL.01,1
TCGA.GM.A2DM.01,2
TCGA.GM.A2DN.01,1
TCGA.GM.A2DO.01,1
TCGA.GM.A3NW.01,2
TCGA.GM.A3NY.01,2
TCGA.GM.A3XG.01,2
TCGA.GM.A3XL.01,2
TCGA.GM.A3XN.01,1
TCGA.GM.A4E0.01,1
TCGA.GM.A5PV.01,2
TCGA.GM.A5PX.01,1
TCGA.HN.A2NL.01,2
TCGA.HN.A2OB.01,1
TCGA.JL.A3YW.01,1
TCGA.JL.A3YX.01,3
TCGA.LD.A66U.01,1
TCGA.LD.A74U.01,1
TCGA.LD.A7W6.01,1
TCGA.LD.A9QF.01,1
TCGA.LL.A440.01,1
TCGA.LL.A441.01,3
TCGA.LL.A442.01,1
TCGA.LL.A50Y.01,1
TCGA.LL.A5YL.01,2
TCGA.LL.A5YM.01,2
TCGA.LL.A5YN.01,2
TCGA.LL.A5YO.01,1
TCGA.LL.A5YP.01,3
TCGA.LL.A6FP.01,3
TCGA.LL.A6FQ.01,2
TCGA.LL.A6FR.01,2
TCGA.LL.A73Y.01,3
TCGA.LL.A73Z.01,2
TCGA.LL.A740.01,1
TCGA.LL.A7SZ.01,2
TCGA.LL.A7T0.01,2
TCGA.LL.A8F5.01,2
TCGA.LL.A9Q3.01,2
TCGA.LQ.A4E4.01,3
TCGA.MS.A51U.01,1
TCGA.OK.A5Q2.01,1
TCGA.OL.A5D6.01,1
TCGA.OL.A5D7.01,2
TCGA.OL.A5D8.01,3
TCGA.OL.A5DA.01,1
TCGA.OL.A5RU.01,1
TCGA.OL.A5RV.01,1
TCGA.OL.A5RW.01,2
TCGA.OL.A5RX.01,1
TCGA.OL.A5RY.01,1
TCGA.OL.A5RZ.01,2
TCGA.OL.A5S0.01,2
TCGA.OL.A66H.01,2
TCGA.OL.A66I.01,3
TCGA.OL.A66J.01,1
TCGA.OL.A66K.01,3
TCGA.OL.A66L.01,1
TCGA.OL.A66N.01,3
TCGA.OL.A66O.01,2
TCGA.OL.A66P.01,1
TCGA.OL.A6VO.01,2
TCGA.OL.A6VQ.01,1
TCGA.OL.A6VR.01,1
TCGA.OL.A97C.01,1
TCGA.PE.A5DC.01,3
TCGA.PE.A5DD.01,1
TCGA.PE.A5DE.01,1
TCGA.PL.A8LV.01,2
TCGA.PL.A8LX.01,2
TCGA.PL.A8LY.01,2
TCGA.PL.A8LZ.01,3
TCGA.S3.A6ZF.01,3
TCGA.S3.A6ZG.01,1
TCGA.S3.A6ZH.01,2
TCGA.S3.AA0Z.01,3
TCGA.S3.AA10.01,3
TCGA.S3.AA11.01,1
TCGA.S3.AA12.01,2
TCGA.S3.AA14.01,1
TCGA.S3.AA15.01,1
TCGA.S3.AA17.01,3
TCGA.UL.AAZ6.01,2
TCGA.UU.A93S.01,2
TCGA.V7.A7HQ.01,2
TCGA.W8.A86G.01,1
TCGA.WT.AB41.01,2
TCGA.WT.AB44.01,2
TCGA.XX.A899.01,1
TCGA.XX.A89A.01,1
TCGA.Z7.A8R5.01,1
TCGA.Z7.A8R6.01,2
TCGA.3L.AA1B.01,1
TCGA.4N.A93T.01,2
TCGA.4T.AA8H.01,2
TCGA.5M.AAT4.01,2
TCGA.5M.AAT6.01,1
TCGA.5M.AATE.01,2
TCGA.A6.2671.01,2
TCGA.A6.2672.01,1
TCGA.A6.2675.01,1
TCGA.A6.2677.01,3
TCGA.A6.2679.01,2
TCGA.A6.2680.01,2
TCGA.A6.2681.01,2
TCGA.A6.2682.01,2
TCGA.A6.2684.01,1
TCGA.A6.2685.01,1
TCGA.A6.2686.01,3
TCGA.A6.3809.01,1
TCGA.A6.3810.01,3
TCGA.A6.4105.01,3
TCGA.A6.4107.01,2
TCGA.A6.5656.01,3
TCGA.A6.5657.01,1
TCGA.A6.5659.01,3
TCGA.A6.5660.01,2
TCGA.A6.5661.01,1
TCGA.A6.5662.01,3
TCGA.A6.5664.01,1
TCGA.A6.5665.01,1
TCGA.A6.5666.01,2
TCGA.A6.5667.01,3
TCGA.A6.6137.01,1
TCGA.A6.6138.01,3
TCGA.A6.6140.01,1
TCGA.A6.6141.01,1
TCGA.A6.6142.01,2
TCGA.A6.6648.01,3
TCGA.A6.6649.01,3
TCGA.A6.6650.01,3
TCGA.A6.6651.01,3
TCGA.A6.6652.01,3
TCGA.A6.6653.01,1
TCGA.A6.6654.01,3
TCGA.A6.6780.01,1
TCGA.A6.6781.01,1
TCGA.A6.6782.01,1
TCGA.A6.A565.01,1
TCGA.A6.A566.01,1
TCGA.A6.A567.01,3
TCGA.A6.A56B.01,3
TCGA.A6.A5ZU.01,3
TCGA.AA.3488.01,2
TCGA.AA.3489.01,1
TCGA.AA.3492.01,1
TCGA.AA.3494.01,2
TCGA.AA.3495.01,3
TCGA.AA.3496.01,3
TCGA.AA.3502.01,2
TCGA.AA.3506.01,2
TCGA.AA.3510.01,2
TCGA.AA.3511.01,3
TCGA.AA.3655.01,1
TCGA.AA.3660.01,2
TCGA.AA.3662.01,3
TCGA.AA.3663.01,1
TCGA.AA.3697.01,2
TCGA.AA.3712.01,3
TCGA.AA.3713.01,1
TCGA.AD.5900.01,1
TCGA.AD.6548.01,1
TCGA.AD.6888.01,2
TCGA.AD.6889.01,1
TCGA.AD.6890.01,1
TCGA.AD.6895.01,1
TCGA.AD.6899.01,1
TCGA.AD.6901.01,1
TCGA.AD.6963.01,2
TCGA.AD.6964.01,1
TCGA.AD.6965.01,1
TCGA.AD.A5EJ.01,1
TCGA.AD.A5EK.01,1
TCGA.AM.5820.01,3
TCGA.AM.5821.01,2
TCGA.AU.3779.01,3
TCGA.AU.6004.01,1
TCGA.AY.5543.01,2
TCGA.AY.6196.01,3
TCGA.AY.6197.01,1
TCGA.AY.6386.01,2
TCGA.AY.A54L.01,2
TCGA.AY.A69D.01,3
TCGA.AY.A71X.01,2
TCGA.AY.A8YK.01,2
TCGA.AZ.4308.01,2
TCGA.AZ.4313.01,2
TCGA.AZ.4315.01,2
TCGA.AZ.4323.01,1
TCGA.AZ.4614.01,2
TCGA.AZ.4615.01,1
TCGA.AZ.4616.01,1
TCGA.AZ.4682.01,2
TCGA.AZ.4684.01,2
TCGA.AZ.5403.01,2
TCGA.AZ.5407.01,2
TCGA.AZ.6598.01,1
TCGA.AZ.6599.01,2
TCGA.AZ.6600.01,3
TCGA.AZ.6601.01,1
TCGA.AZ.6603.01,3
TCGA.AZ.6605.01,1
TCGA.AZ.6606.01,1
TCGA.AZ.6607.01,3
TCGA.AZ.6608.01,2
TCGA.CA.5254.01,2
TCGA.CA.5255.01,1
TCGA.CA.5256.01,2
TCGA.CA.5796.01,1
TCGA.CA.5797.01,3
TCGA.CA.6715.01,2
TCGA.CA.6716.01,3
TCGA.CA.6717.01,1
TCGA.CA.6718.01,1
TCGA.CA.6719.01,3
TCGA.CK.4947.01,1
TCGA.CK.4948.01,2
TCGA.CK.4950.01,2
TCGA.CK.4951.01,1
TCGA.CK.4952.01,2
TCGA.CK.5912.01,3
TCGA.CK.5913.01,1
TCGA.CK.5914.01,1
TCGA.CK.5915.01,1
TCGA.CK.5916.01,1
TCGA.CK.6746.01,1
TCGA.CK.6747.01,1
TCGA.CK.6748.01,1
TCGA.CK.6751.01,1
TCGA.CM.4743.01,2
TCGA.CM.4744.01,2
TCGA.CM.4746.01,2
TCGA.CM.4747.01,2
TCGA.CM.4748.01,1
TCGA.CM.4750.01,2
TCGA.CM.4751.01,1
TCGA.CM.4752.01,2
TCGA.CM.5341.01,2
TCGA.CM.5344.01,2
TCGA.CM.5348.01,3
TCGA.CM.5349.01,1
TCGA.CM.5860.01,1
TCGA.CM.5861.01,2
TCGA.CM.5862.01,2
TCGA.CM.5863.01,1
TCGA.CM.5864.01,2
TCGA.CM.5868.01,2
TCGA.CM.6161.01,1
TCGA.CM.6162.01,1
TCGA.CM.6163.01,3
TCGA.CM.6164.01,1
TCGA.CM.6165.01,1
TCGA.CM.6166.01,2
TCGA.CM.6167.01,1
TCGA.CM.6168.01,1
TCGA.CM.6169.01,1
TCGA.CM.6170.01,3
TCGA.CM.6171.01,1
TCGA.CM.6172.01,1
TCGA.CM.6674.01,1
TCGA.CM.6675.01,3
TCGA.CM.6676.01,2
TCGA.CM.6677.01,2
TCGA.CM.6678.01,1
TCGA.CM.6679.01,1
TCGA.CM.6680.01,1
TCGA.D5.5537.01,2
TCGA.D5.5538.01,1
TCGA.D5.5539.01,3
TCGA.D5.5540.01,2
TCGA.D5.5541.01,3
TCGA.D5.6529.01,1
TCGA.D5.6530.01,1
TCGA.D5.6531.01,2
TCGA.D5.6532.01,2
TCGA.D5.6533.01,3
TCGA.D5.6534.01,1
TCGA.D5.6535.01,3
TCGA.D5.6536.01,3
TCGA.D5.6537.01,2
TCGA.D5.6538.01,3
TCGA.D5.6539.01,1
TCGA.D5.6540.01,1
TCGA.D5.6541.01,1
TCGA.D5.6898.01,3
TCGA.D5.6920.01,1
TCGA.D5.6922.01,3
TCGA.D5.6923.01,3
TCGA.D5.6924.01,3
TCGA.D5.6926.01,3
TCGA.D5.6927.01,1
TCGA.D5.6928.01,1
TCGA.D5.6929.01,2
TCGA.D5.6930.01,1
TCGA.D5.6931.01,1
TCGA.D5.6932.01,1
TCGA.D5.7000.01,1
TCGA.DM.A0X9.01,2
TCGA.DM.A0XD.01,2
TCGA.DM.A0XF.01,2
TCGA.DM.A1D0.01,2
TCGA.DM.A1D4.01,2
TCGA.DM.A1D6.01,2
TCGA.DM.A1D7.01,2
TCGA.DM.A1D8.01,2
TCGA.DM.A1D9.01,2
TCGA.DM.A1DA.01,2
TCGA.DM.A1DB.01,3
TCGA.DM.A1HA.01,2
TCGA.DM.A1HB.01,1
TCGA.DM.A280.01,2
TCGA.DM.A282.01,2
TCGA.DM.A285.01,3
TCGA.DM.A288.01,2
TCGA.DM.A28A.01,3
TCGA.DM.A28C.01,3
TCGA.DM.A28E.01,1
TCGA.DM.A28F.01,2
TCGA.DM.A28G.01,1
TCGA.DM.A28H.01,2
TCGA.DM.A28K.01,2
TCGA.DM.A28M.01,2
TCGA.F4.6459.01,3
TCGA.F4.6460.01,3
TCGA.F4.6461.01,1
TCGA.F4.6463.01,1
TCGA.F4.6569.01,1
TCGA.F4.6570.01,1
TCGA.F4.6703.01,1
TCGA.F4.6704.01,3
TCGA.F4.6805.01,1
TCGA.F4.6806.01,1
TCGA.F4.6807.01,1
TCGA.F4.6808.01,2
TCGA.F4.6809.01,1
TCGA.F4.6854.01,1
TCGA.F4.6855.01,3
TCGA.F4.6856.01,1
TCGA.G4.6293.01,1
TCGA.G4.6294.01,1
TCGA.G4.6295.01,3
TCGA.G4.6297.01,3
TCGA.G4.6298.01,2
TCGA.G4.6299.01,3
TCGA.G4.6302.01,1
TCGA.G4.6303.01,3
TCGA.G4.6304.01,1
TCGA.G4.6306.01,2
TCGA.G4.6307.01,2
TCGA.G4.6309.01,2
TCGA.G4.6310.01,3
TCGA.G4.6311.01,3
TCGA.G4.6314.01,1
TCGA.G4.6315.01,2
TCGA.G4.6317.01,2
TCGA.G4.6320.01,2
TCGA.G4.6321.01,2
TCGA.G4.6322.01,2
TCGA.G4.6323.01,1
TCGA.G4.6586.01,2
TCGA.G4.6588.01,2
TCGA.G4.6625.01,1
TCGA.G4.6627.01,1
TCGA.G4.6628.01,1
TCGA.NH.A50T.01,2
TCGA.NH.A50U.01,2
TCGA.NH.A50V.01,1
TCGA.NH.A5IV.01,1
TCGA.NH.A6GA.01,3
TCGA.NH.A6GB.01,2
TCGA.NH.A6GC.01,1
TCGA.NH.A8F7.01,3
TCGA.NH.A8F8.01,3
TCGA.QG.A5YV.01,2
TCGA.QG.A5YW.01,2
TCGA.QG.A5YX.01,2
TCGA.QG.A5Z1.01,3
TCGA.QG.A5Z2.01,1
TCGA.QL.A97D.01,1
TCGA.RU.A8FL.01,2
TCGA.SS.A7HO.01,1
TCGA.T9.A92H.01,2
TCGA.WS.AB45.01,1
TCGA.3Z.A93Z.01,2
TCGA.6D.AA2E.01,2
TCGA.A3.3357.01,1
TCGA.A3.3358.01,1
TCGA.A3.3367.01,1
TCGA.A3.3370.01,1
TCGA.A3.3373.01,3
TCGA.A3.3376.01,1
TCGA.A3.3385.01,3
TCGA.A3.3387.01,1
TCGA.A3.A6NI.01,2
TCGA.A3.A6NJ.01,1
TCGA.A3.A6NL.01,1
TCGA.A3.A6NN.01,1
TCGA.A3.A8CQ.01,3
TCGA.A3.A8OU.01,1
TCGA.A3.A8OV.01,2
TCGA.A3.A8OW.01,1
TCGA.A3.A8OX.01,1
TCGA.AK.3425.01,2
TCGA.AK.3428.01,2
TCGA.AK.3431.01,1
TCGA.AK.3433.01,2
TCGA.AK.3434.01,2
TCGA.AK.3440.01,2
TCGA.AK.3445.01,2
TCGA.AK.3450.01,2
TCGA.AK.3453.01,2
TCGA.AK.3454.01,2
TCGA.AK.3458.01,2
TCGA.AK.3460.01,1
TCGA.AK.3461.01,1
TCGA.B0.4688.01,1
TCGA.B0.4690.01,3
TCGA.B0.4691.01,2
TCGA.B0.4693.01,1
TCGA.B0.4694.01,2
TCGA.B0.4696.01,2
TCGA.B0.4697.01,2
TCGA.B0.4698.01,2
TCGA.B0.4699.01,1
TCGA.B0.4700.01,1
TCGA.B0.4701.01,1
TCGA.B0.4703.01,1
TCGA.B0.4706.01,2
TCGA.B0.4707.01,2
TCGA.B0.4710.01,3
TCGA.B0.4712.01,2
TCGA.B0.4713.01,2
TCGA.B0.4714.01,1
TCGA.B0.4718.01,2
TCGA.B0.4810.01,2
TCGA.B0.4811.01,2
TCGA.B0.4813.01,2
TCGA.B0.4814.01,1
TCGA.B0.4815.01,3
TCGA.B0.4816.01,1
TCGA.B0.4817.01,2
TCGA.B0.4818.01,1
TCGA.B0.4819.01,3
TCGA.B0.4821.01,2
TCGA.B0.4822.01,1
TCGA.B0.4823.01,1
TCGA.B0.4824.01,1
TCGA.B0.4827.01,2
TCGA.B0.4828.01,2
TCGA.B0.4841.01,2
TCGA.B0.4842.01,2
TCGA.B0.4843.01,2
TCGA.B0.4844.01,2
TCGA.B0.4845.01,3
TCGA.B0.4846.01,1
TCGA.B0.4847.01,2
TCGA.B0.4848.01,3
TCGA.B0.4849.01,1
TCGA.B0.4852.01,3
TCGA.B0.4945.01,1
TCGA.B0.5080.01,1
TCGA.B0.5083.01,2
TCGA.B0.5092.01,2
TCGA.B0.5094.01,3
TCGA.B0.5095.01,3
TCGA.B0.5096.01,3
TCGA.B0.5097.01,1
TCGA.B0.5098.01,2
TCGA.B0.5099.01,3
TCGA.B0.5100.01,2
TCGA.B0.5102.01,2
TCGA.B0.5104.01,1
TCGA.B0.5106.01,1
TCGA.B0.5107.01,2
TCGA.B0.5108.01,1
TCGA.B0.5109.01,2
TCGA.B0.5110.01,1
TCGA.B0.5113.01,3
TCGA.B0.5115.01,1
TCGA.B0.5116.01,2
TCGA.B0.5117.01,2
TCGA.B0.5119.01,1
TCGA.B0.5120.01,1
TCGA.B0.5121.01,2
TCGA.B0.5399.01,1
TCGA.B0.5400.01,2
TCGA.B0.5402.01,3
TCGA.B0.5690.01,1
TCGA.B0.5691.01,1
TCGA.B0.5692.01,1
TCGA.B0.5693.01,1
TCGA.B0.5694.01,2
TCGA.B0.5695.01,1
TCGA.B0.5696.01,1
TCGA.B0.5697.01,2
TCGA.B0.5698.01,1
TCGA.B0.5699.01,1
TCGA.B0.5701.01,2
TCGA.B0.5702.01,1
TCGA.B0.5703.01,2
TCGA.B0.5705.01,1
TCGA.B0.5706.01,1
TCGA.B0.5707.01,2
TCGA.B0.5709.01,1
TCGA.B0.5710.01,1
TCGA.B0.5711.01,1
TCGA.B0.5712.01,1
TCGA.B0.5713.01,1
TCGA.B0.5812.01,1
TCGA.B2.3924.01,1
TCGA.B2.4101.01,1
TCGA.B2.5633.01,1
TCGA.B2.5635.01,1
TCGA.B2.5639.01,1
TCGA.B2.5641.01,1
TCGA.B2.A4SR.01,1
TCGA.B4.5377.01,1
TCGA.B4.5378.01,1
TCGA.B4.5832.01,3
TCGA.B4.5834.01,1
TCGA.B4.5835.01,2
TCGA.B4.5836.01,1
TCGA.B4.5838.01,1
TCGA.B4.5843.01,3
TCGA.B4.5844.01,1
TCGA.B8.4146.01,1
TCGA.B8.4153.01,1
TCGA.B8.4621.01,2
TCGA.B8.4622.01,3
TCGA.B8.5158.01,1
TCGA.B8.5159.01,3
TCGA.B8.5162.01,3
TCGA.B8.5163.01,1
TCGA.B8.5164.01,1
TCGA.B8.5165.01,1
TCGA.B8.5545.01,1
TCGA.B8.5546.01,1
TCGA.B8.5549.01,3
TCGA.B8.5550.01,3
TCGA.B8.5551.01,3
TCGA.B8.5552.01,1
TCGA.B8.5553.01,1
TCGA.B8.A54D.01,1
TCGA.B8.A54E.01,1
TCGA.B8.A54F.01,1
TCGA.B8.A54G.01,1
TCGA.B8.A54H.01,1
TCGA.B8.A54I.01,2
TCGA.B8.A54J.01,1
TCGA.B8.A54K.01,1
TCGA.B8.A7U6.01,2
TCGA.B8.A8YJ.01,1
TCGA.BP.4177.01,1
TCGA.BP.4760.01,1
TCGA.BP.4770.01,2
TCGA.BP.4782.01,1
TCGA.BP.4795.01,1
TCGA.BP.4801.01,1
TCGA.BP.4993.01,1
TCGA.BP.5010.01,2
TCGA.BP.5169.01,2
TCGA.BP.5170.01,2
TCGA.BP.5173.01,2
TCGA.BP.5174.01,2
TCGA.BP.5175.01,2
TCGA.BP.5176.01,2
TCGA.BP.5177.01,2
TCGA.BP.5178.01,2
TCGA.BP.5180.01,2
TCGA.BP.5181.01,1
TCGA.BP.5182.01,1
TCGA.BP.5183.01,3
TCGA.BP.5184.01,1
TCGA.BP.5185.01,2
TCGA.BP.5186.01,1
TCGA.BP.5187.01,1
TCGA.BP.5189.01,1
TCGA.BP.5190.01,2
TCGA.BP.5191.01,2
TCGA.BP.5192.01,1
TCGA.BP.5194.01,1
TCGA.BP.5195.01,1
TCGA.BP.5196.01,3
TCGA.BP.5198.01,3
TCGA.BP.5199.01,1
TCGA.BP.5200.01,3
TCGA.BP.5201.01,2
TCGA.BP.5202.01,1
TCGA.CJ.4869.01,2
TCGA.CJ.4882.01,1
TCGA.CJ.4897.01,1
TCGA.CJ.4901.01,3
TCGA.CJ.4902.01,1
TCGA.CJ.4903.01,3
TCGA.CJ.4904.01,1
TCGA.CJ.4905.01,1
TCGA.CJ.4907.01,1
TCGA.CJ.4908.01,1
TCGA.CJ.4912.01,2
TCGA.CJ.4916.01,1
TCGA.CJ.4918.01,1
TCGA.CJ.4920.01,1
TCGA.CJ.5671.01,3
TCGA.CJ.5672.01,2
TCGA.CJ.5675.01,2
TCGA.CJ.5676.01,1
TCGA.CJ.5677.01,2
TCGA.CJ.5678.01,2
TCGA.CJ.5679.01,2
TCGA.CJ.5680.01,3
TCGA.CJ.5681.01,1
TCGA.CJ.5682.01,2
TCGA.CJ.5683.01,1
TCGA.CJ.5684.01,1
TCGA.CJ.5686.01,1
TCGA.CJ.5689.01,1
TCGA.CJ.6027.01,2
TCGA.CJ.6028.01,1
TCGA.CJ.6030.01,3
TCGA.CJ.6031.01,1
TCGA.CJ.6032.01,3
TCGA.CJ.6033.01,2
TCGA.CW.5580.01,3
TCGA.CW.5581.01,1
TCGA.CW.5583.01,1
TCGA.CW.5584.01,1
TCGA.CW.5585.01,1
TCGA.CW.5587.01,3
TCGA.CW.5588.01,1
TCGA.CW.5589.01,1
TCGA.CW.5590.01,1
TCGA.CW.5591.01,3
TCGA.CW.6087.01,3
TCGA.CW.6088.01,1
TCGA.CW.6090.01,2
TCGA.CW.6093.01,1
TCGA.CW.6097.01,3
TCGA.CZ.4853.01,1
TCGA.CZ.4856.01,1
TCGA.CZ.4859.01,2
TCGA.CZ.4863.01,1
TCGA.CZ.4864.01,1
TCGA.CZ.4865.01,1
TCGA.CZ.4866.01,1
TCGA.CZ.5451.01,1
TCGA.CZ.5452.01,2
TCGA.CZ.5453.01,2
TCGA.CZ.5454.01,2
TCGA.CZ.5455.01,1
TCGA.CZ.5456.01,2
TCGA.CZ.5457.01,1
TCGA.CZ.5458.01,1
TCGA.CZ.5459.01,2
TCGA.CZ.5460.01,2
TCGA.CZ.5461.01,3
TCGA.CZ.5462.01,3
TCGA.CZ.5463.01,1
TCGA.CZ.5464.01,1
TCGA.CZ.5465.01,3
TCGA.CZ.5466.01,2
TCGA.CZ.5467.01,1
TCGA.CZ.5468.01,2
TCGA.CZ.5469.01,2
TCGA.CZ.5470.01,2
TCGA.CZ.5982.01,1
TCGA.CZ.5984.01,3
TCGA.CZ.5985.01,1
TCGA.CZ.5986.01,1
TCGA.CZ.5987.01,2
TCGA.CZ.5988.01,1
TCGA.CZ.5989.01,1
TCGA.DV.5565.01,2
TCGA.DV.5566.01,1
TCGA.DV.5567.01,1
TCGA.DV.5568.01,2
TCGA.DV.5569.01,1
TCGA.DV.5573.01,1
TCGA.DV.5574.01,1
TCGA.DV.5575.01,1
TCGA.DV.5576.01,1
TCGA.DV.A4VX.01,2
TCGA.DV.A4VZ.01,2
TCGA.DV.A4W0.01,1
TCGA.EU.5904.01,1
TCGA.EU.5905.01,1
TCGA.EU.5906.01,1
TCGA.EU.5907.01,2
TCGA.G6.A5PC.01,2
TCGA.G6.A8L6.01,2
TCGA.G6.A8L7.01,2
TCGA.G6.A8L8.01,2
TCGA.GK.A6C7.01,1
TCGA.MM.A563.01,2
TCGA.MM.A564.01,2
TCGA.MM.A84U.01,2
TCGA.MW.A4EC.01,1
TCGA.T7.A92I.01,3
TCGA.05.4384.01,1
TCGA.05.4390.01,2
TCGA.05.4396.01,1
TCGA.05.4405.01,3
TCGA.05.4410.01,3
TCGA.05.4415.01,2
TCGA.05.4417.01,3
TCGA.05.4424.01,3
TCGA.05.4425.01,1
TCGA.05.4427.01,1
TCGA.05.4433.01,1
TCGA.05.5420.01,2
TCGA.05.5423.01,1
TCGA.05.5425.01,2
TCGA.05.5428.01,2
TCGA.05.5429.01,2
TCGA.05.5715.01,2
TCGA.35.5375.01,2
TCGA.38.4631.01,2
TCGA.38.4632.01,2
TCGA.38.6178.01,1
TCGA.38.7271.01,1
TCGA.38.A44F.01,1
TCGA.44.2656.01,1
TCGA.44.2665.01,2
TCGA.44.2666.01,1
TCGA.44.2668.01,1
TCGA.44.3918.01,3
TCGA.44.4112.01,1
TCGA.44.5643.01,3
TCGA.44.5644.01,2
TCGA.44.5645.01,1
TCGA.44.6145.01,1
TCGA.44.6146.01,1
TCGA.44.6147.01,3
TCGA.44.6148.01,1
TCGA.44.6774.01,1
TCGA.44.6775.01,1
TCGA.44.6776.01,2
TCGA.44.6777.01,1
TCGA.44.6778.01,1
TCGA.44.6779.01,1
TCGA.44.7659.01,1
TCGA.44.7660.01,2
TCGA.44.7661.01,1
TCGA.44.7662.01,3
TCGA.44.7667.01,2
TCGA.44.7669.01,1
TCGA.44.7670.01,3
TCGA.44.7671.01,1
TCGA.44.7672.01,1
TCGA.44.8117.01,2
TCGA.44.8119.01,3
TCGA.44.8120.01,1
TCGA.44.A479.01,1
TCGA.44.A47A.01,1
TCGA.44.A47B.01,1
TCGA.44.A47G.01,1
TCGA.44.A4SS.01,1
TCGA.44.A4SU.01,1
TCGA.49.4487.01,1
TCGA.49.4488.01,2
TCGA.49.4490.01,1
TCGA.49.4512.01,1
TCGA.49.4514.01,2
TCGA.49.6742.01,2
TCGA.49.6743.01,1
TCGA.49.6744.01,1
TCGA.49.6745.01,1
TCGA.49.6761.01,1
TCGA.49.6767.01,2
TCGA.49.AAQV.01,2
TCGA.49.AAR0.01,2
TCGA.49.AAR2.01,2
TCGA.49.AAR3.01,2
TCGA.49.AAR4.01,1
TCGA.49.AAR9.01,2
TCGA.49.AARE.01,2
TCGA.49.AARN.01,1
TCGA.49.AARO.01,1
TCGA.49.AARQ.01,2
TCGA.49.AARR.01,1
TCGA.4B.A93V.01,2
TCGA.50.5044.01,1
TCGA.50.5045.01,2
TCGA.50.5049.01,1
TCGA.50.5051.01,1
TCGA.50.5055.01,1
TCGA.50.5066.01,2
TCGA.50.5068.01,2
TCGA.50.5072.01,1
TCGA.50.5930.01,2
TCGA.50.5931.01,3
TCGA.50.5932.01,3
TCGA.50.5933.01,1
TCGA.50.5935.01,3
TCGA.50.5936.01,1
TCGA.50.5939.01,1
TCGA.50.5941.01,3
TCGA.50.5942.01,1
TCGA.50.5944.01,3
TCGA.50.5946.01,3
TCGA.50.6590.01,1
TCGA.50.6591.01,3
TCGA.50.6592.01,1
TCGA.50.6593.01,2
TCGA.50.6594.01,2
TCGA.50.6595.01,1
TCGA.50.6597.01,2
TCGA.50.6673.01,1
TCGA.50.7109.01,3
TCGA.50.8457.01,1
TCGA.50.8459.01,1
TCGA.50.8460.01,1
TCGA.53.7624.01,3
TCGA.53.7626.01,1
TCGA.53.7813.01,2
TCGA.53.A4EZ.01,2
TCGA.55.5899.01,3
TCGA.55.6543.01,1
TCGA.55.6642.01,1
TCGA.55.6712.01,1
TCGA.55.6968.01,3
TCGA.55.6970.01,3
TCGA.55.6971.01,1
TCGA.55.6972.01,2
TCGA.55.6978.01,1
TCGA.55.6979.01,1
TCGA.55.6980.01,1
TCGA.55.6981.01,1
TCGA.55.6982.01,2
TCGA.55.6983.01,1
TCGA.55.6984.01,1
TCGA.55.6985.01,1
TCGA.55.6986.01,2
TCGA.55.6987.01,1
TCGA.55.7227.01,1
TCGA.55.7281.01,2
TCGA.55.7283.01,2
TCGA.55.7284.01,1
TCGA.55.7570.01,2
TCGA.55.7573.01,1
TCGA.55.7574.01,1
TCGA.55.7576.01,3
TCGA.55.7724.01,1
TCGA.55.7725.01,1
TCGA.55.7726.01,1
TCGA.55.7727.01,1
TCGA.55.7728.01,2
TCGA.55.7815.01,1
TCGA.55.7903.01,2
TCGA.55.7907.01,2
TCGA.55.7910.01,2
TCGA.55.7911.01,1
TCGA.55.7913.01,2
TCGA.55.7914.01,1
TCGA.55.7994.01,3
TCGA.55.7995.01,3
TCGA.55.8085.01,2
TCGA.55.8087.01,1
TCGA.55.8089.01,1
TCGA.55.8090.01,2
TCGA.55.8091.01,1
TCGA.55.8092.01,3
TCGA.55.8094.01,2
TCGA.55.8096.01,1
TCGA.55.8097.01,1
TCGA.55.8203.01,2
TCGA.55.8204.01,2
TCGA.55.8205.01,1
TCGA.55.8206.01,1
TCGA.55.8207.01,3
TCGA.55.8208.01,1
TCGA.55.8299.01,1
TCGA.55.8301.01,1
TCGA.55.8302.01,1
TCGA.55.8505.01,2
TCGA.55.8506.01,2
TCGA.55.8507.01,3
TCGA.55.8508.01,2
TCGA.55.8510.01,3
TCGA.55.8511.01,1
TCGA.55.8512.01,1
TCGA.55.8513.01,1
TCGA.55.8514.01,2
TCGA.55.8614.01,1
TCGA.55.8615.01,2
TCGA.55.8616.01,2
TCGA.55.8619.01,1
TCGA.55.8620.01,1
TCGA.55.8621.01,1
TCGA.55.A48X.01,1
TCGA.55.A48Y.01,1
TCGA.55.A48Z.01,2
TCGA.55.A490.01,2
TCGA.55.A491.01,2
TCGA.55.A492.01,2
TCGA.55.A493.01,1
TCGA.55.A494.01,2
TCGA.55.A4DF.01,3
TCGA.55.A4DG.01,3
TCGA.55.A57B.01,1
TCGA.62.8394.01,2
TCGA.62.8395.01,1
TCGA.62.8397.01,2
TCGA.62.8398.01,2
TCGA.62.8399.01,1
TCGA.62.8402.01,2
TCGA.62.A46O.01,3
TCGA.62.A46P.01,1
TCGA.62.A46R.01,3
TCGA.62.A46S.01,1
TCGA.62.A46V.01,1
TCGA.62.A46Y.01,1
TCGA.62.A470.01,2
TCGA.62.A471.01,1
TCGA.62.A472.01,1
TCGA.64.1679.01,1
TCGA.64.1681.01,1
TCGA.64.5774.01,3
TCGA.64.5775.01,1
TCGA.64.5778.01,2
TCGA.64.5779.01,3
TCGA.64.5781.01,2
TCGA.64.5815.01,1
TCGA.67.4679.01,1
TCGA.67.6215.01,2
TCGA.67.6216.01,1
TCGA.67.6217.01,1
TCGA.69.7760.01,2
TCGA.69.7761.01,1
TCGA.69.7763.01,1
TCGA.69.7764.01,3
TCGA.69.7765.01,3
TCGA.69.7973.01,3
TCGA.69.7974.01,1
TCGA.69.7978.01,1
TCGA.69.7979.01,2
TCGA.69.7980.01,3
TCGA.69.8253.01,2
TCGA.69.8254.01,1
TCGA.69.8255.01,2
TCGA.69.8453.01,1
TCGA.69.A59K.01,3
TCGA.71.6725.01,2
TCGA.71.8520.01,3
TCGA.73.4658.01,1
TCGA.73.4676.01,2
TCGA.73.7498.01,1
TCGA.73.7499.01,2
TCGA.73.A9RS.01,2
TCGA.75.5122.01,1
TCGA.75.5125.01,1
TCGA.75.5126.01,2
TCGA.75.5146.01,1
TCGA.75.5147.01,1
TCGA.75.6203.01,1
TCGA.75.6205.01,1
TCGA.75.6206.01,3
TCGA.75.6207.01,2
TCGA.75.6211.01,3
TCGA.75.6212.01,2
TCGA.75.6214.01,2
TCGA.75.7025.01,1
TCGA.75.7027.01,2
TCGA.75.7030.01,1
TCGA.75.7031.01,2
TCGA.78.7143.01,1
TCGA.78.7145.01,2
TCGA.78.7146.01,2
TCGA.78.7147.01,2
TCGA.78.7148.01,2
TCGA.78.7149.01,2
TCGA.78.7150.01,2
TCGA.78.7152.01,2
TCGA.78.7153.01,1
TCGA.78.7154.01,2
TCGA.78.7155.01,1
TCGA.78.7156.01,1
TCGA.78.7158.01,3
TCGA.78.7159.01,3
TCGA.78.7160.01,1
TCGA.78.7161.01,2
TCGA.78.7162.01,1
TCGA.78.7163.01,2
TCGA.78.7166.01,2
TCGA.78.7167.01,3
TCGA.78.7220.01,1
TCGA.78.7535.01,1
TCGA.78.7536.01,3
TCGA.78.7537.01,1
TCGA.78.7539.01,2
TCGA.78.7540.01,2
TCGA.78.7542.01,2
TCGA.78.7633.01,3
TCGA.78.8640.01,2
TCGA.78.8648.01,1
TCGA.78.8655.01,3
TCGA.78.8660.01,2
TCGA.78.8662.01,2
TCGA.80.5607.01,1
TCGA.80.5608.01,2
TCGA.80.5611.01,2
TCGA.83.5908.01,1
TCGA.86.6562.01,3
TCGA.86.6851.01,3
TCGA.86.7701.01,1
TCGA.86.7711.01,3
TCGA.86.7713.01,3
TCGA.86.7714.01,1
TCGA.86.7953.01,1
TCGA.86.7954.01,3
TCGA.86.7955.01,2
TCGA.86.8054.01,3
TCGA.86.8055.01,3
TCGA.86.8056.01,1
TCGA.86.8073.01,1
TCGA.86.8074.01,3
TCGA.86.8075.01,3
TCGA.86.8076.01,1
TCGA.86.8278.01,1
TCGA.86.8279.01,2
TCGA.86.8280.01,1
TCGA.86.8281.01,1
TCGA.86.8358.01,3
TCGA.86.8359.01,2
TCGA.86.8585.01,2
TCGA.86.8668.01,1
TCGA.86.8669.01,3
TCGA.86.8671.01,1
TCGA.86.8672.01,2
TCGA.86.8673.01,2
TCGA.86.8674.01,2
TCGA.86.A456.01,1
TCGA.86.A4D0.01,2
TCGA.86.A4JF.01,2
TCGA.86.A4P7.01,1
TCGA.86.A4P8.01,1
TCGA.91.6828.01,3
TCGA.91.6829.01,3
TCGA.91.6830.01,1
TCGA.91.6831.01,3
TCGA.91.6835.01,3
TCGA.91.6836.01,2
TCGA.91.6840.01,1
TCGA.91.6847.01,3
TCGA.91.6848.01,1
TCGA.91.6849.01,2
TCGA.91.7771.01,1
TCGA.91.8496.01,2
TCGA.91.8497.01,1
TCGA.91.8499.01,2
TCGA.91.A4BC.01,1
TCGA.91.A4BD.01,1
TCGA.93.7347.01,1
TCGA.93.7348.01,1
TCGA.93.8067.01,1
TCGA.93.A4JN.01,1
TCGA.93.A4JO.01,1
TCGA.93.A4JP.01,1
TCGA.93.A4JQ.01,1
TCGA.95.7039.01,2
TCGA.95.7043.01,2
TCGA.95.7562.01,2
TCGA.95.7567.01,2
TCGA.95.7944.01,2
TCGA.95.7947.01,3
TCGA.95.7948.01,2
TCGA.95.8039.01,2
TCGA.95.8494.01,2
TCGA.95.A4VK.01,1
TCGA.95.A4VN.01,1
TCGA.95.A4VP.01,2
TCGA.97.7546.01,1
TCGA.97.7547.01,1
TCGA.97.7552.01,1
TCGA.97.7553.01,1
TCGA.97.7554.01,1
TCGA.97.7937.01,2
TCGA.97.7938.01,1
TCGA.97.7941.01,1
TCGA.97.8171.01,2
TCGA.97.8172.01,1
TCGA.97.8174.01,1
TCGA.97.8175.01,2
TCGA.97.8176.01,2
TCGA.97.8177.01,1
TCGA.97.8179.01,3
TCGA.97.8547.01,2
TCGA.97.8552.01,1
TCGA.97.A4LX.01,1
TCGA.97.A4M0.01,3
TCGA.97.A4M1.01,2
TCGA.97.A4M2.01,1
TCGA.97.A4M3.01,2
TCGA.97.A4M5.01,1
TCGA.97.A4M6.01,1
TCGA.97.A4M7.01,1
TCGA.99.7458.01,1
TCGA.99.8025.01,2
TCGA.99.8028.01,2
TCGA.99.8032.01,2
TCGA.99.8033.01,2
TCGA.99.AA5R.01,1
TCGA.J2.8192.01,1
TCGA.J2.8194.01,1
TCGA.J2.A4AD.01,3
TCGA.J2.A4AE.01,1
TCGA.J2.A4AG.01,1
TCGA.L4.A4E5.01,2
TCGA.L4.A4E6.01,1
TCGA.L9.A443.01,2
TCGA.L9.A444.01,3
TCGA.L9.A50W.01,2
TCGA.L9.A5IP.01,2
TCGA.L9.A743.01,1
TCGA.L9.A7SV.01,3
TCGA.L9.A8F4.01,1
TCGA.MN.A4N1.01,2
TCGA.MN.A4N4.01,2
TCGA.MN.A4N5.01,2
TCGA.MP.A4SV.01,3
TCGA.MP.A4SW.01,2
TCGA.MP.A4SY.01,1
TCGA.MP.A4T4.01,1
TCGA.MP.A4T6.01,3
TCGA.MP.A4T7.01,2
TCGA.MP.A4T8.01,2
TCGA.MP.A4T9.01,1
TCGA.MP.A4TA.01,2
TCGA.MP.A4TC.01,2
TCGA.MP.A4TD.01,2
TCGA.MP.A4TE.01,2
TCGA.MP.A4TF.01,3
TCGA.MP.A4TH.01,1
TCGA.MP.A4TI.01,1
TCGA.MP.A4TJ.01,1
TCGA.MP.A4TK.01,1
TCGA.MP.A5C7.01,3
TCGA.NJ.A4YF.01,2
TCGA.NJ.A4YG.01,1
TCGA.NJ.A4YI.01,3
TCGA.NJ.A4YP.01,1
TCGA.NJ.A4YQ.01,3
TCGA.NJ.A55A.01,1
TCGA.NJ.A55O.01,1
TCGA.NJ.A55R.01,1
TCGA.NJ.A7XG.01,2
TCGA.O1.A52J.01,3
TCGA.S2.AA1A.01,1
TCGA.18.3417.01,2
TCGA.18.4721.01,1
TCGA.18.5592.01,3
TCGA.18.5595.01,1
TCGA.21.5782.01,1
TCGA.21.5783.01,1
TCGA.21.5784.01,2
TCGA.21.5786.01,2
TCGA.21.5787.01,2
TCGA.21.A5DI.01,2
TCGA.22.4593.01,1
TCGA.22.4601.01,3
TCGA.22.4605.01,1
TCGA.22.4609.01,1
TCGA.22.4613.01,3
TCGA.22.5471.01,2
TCGA.22.5472.01,1
TCGA.22.5473.01,2
TCGA.22.5474.01,3
TCGA.22.5477.01,3
TCGA.22.5478.01,1
TCGA.22.5479.01,2
TCGA.22.5480.01,3
TCGA.22.5481.01,2
TCGA.22.5482.01,2
TCGA.22.5483.01,3
TCGA.22.5485.01,2
TCGA.22.5489.01,1
TCGA.22.5491.01,2
TCGA.22.5492.01,1
TCGA.22.A5C4.01,3
TCGA.33.4566.01,2
TCGA.33.4582.01,2
TCGA.33.4583.01,2
TCGA.33.4586.01,3
TCGA.33.4587.01,3
TCGA.33.4589.01,2
TCGA.33.6737.01,1
TCGA.33.6738.01,2
TCGA.33.A4WN.01,1
TCGA.33.A5GW.01,2
TCGA.33.AAS8.01,2
TCGA.33.AASB.01,2
TCGA.33.AASD.01,3
TCGA.33.AASI.01,2
TCGA.33.AASL.01,2
TCGA.34.5231.01,3
TCGA.34.5232.01,1
TCGA.34.5234.01,1
TCGA.34.5236.01,1
TCGA.34.5239.01,1
TCGA.34.5240.01,2
TCGA.34.5241.01,1
TCGA.34.5927.01,3
TCGA.34.5928.01,3
TCGA.34.5929.01,3
TCGA.34.7107.01,3
TCGA.34.8454.01,1
TCGA.34.8455.01,1
TCGA.34.8456.01,3
TCGA.34.A5IX.01,1
TCGA.37.5819.01,2
TCGA.37.A5EL.01,2
TCGA.37.A5EM.01,3
TCGA.37.A5EN.01,3
TCGA.39.5011.01,1
TCGA.39.5019.01,2
TCGA.39.5021.01,1
TCGA.39.5022.01,1
TCGA.39.5024.01,1
TCGA.39.5027.01,2
TCGA.39.5028.01,1
TCGA.39.5029.01,1
TCGA.39.5030.01,1
TCGA.39.5031.01,1
TCGA.39.5034.01,1
TCGA.39.5035.01,1
TCGA.39.5036.01,2
TCGA.39.5037.01,2
TCGA.39.5039.01,2
TCGA.39.5040.01,1
TCGA.43.5668.01,1
TCGA.43.5670.01,2
TCGA.43.6143.01,3
TCGA.43.6647.01,1
TCGA.43.6770.01,3
TCGA.43.6771.01,1
TCGA.43.6773.01,1
TCGA.43.7656.01,1
TCGA.43.7657.01,2
TCGA.43.7658.01,3
TCGA.43.8115.01,1
TCGA.43.8116.01,1
TCGA.43.8118.01,1
TCGA.43.A474.01,2
TCGA.43.A475.01,1
TCGA.43.A56U.01,1
TCGA.43.A56V.01,2
TCGA.46.6025.01,2
TCGA.46.6026.01,2
TCGA.51.6867.01,3
TCGA.52.7622.01,1
TCGA.52.7809.01,3
TCGA.52.7810.01,2
TCGA.52.7811.01,2
TCGA.52.7812.01,2
TCGA.56.5897.01,1
TCGA.56.5898.01,1
TCGA.56.6545.01,1
TCGA.56.6546.01,2
TCGA.56.7221.01,1
TCGA.56.7222.01,2
TCGA.56.7223.01,3
TCGA.56.7579.01,2
TCGA.56.7580.01,2
TCGA.56.7582.01,3
TCGA.56.7730.01,2
TCGA.56.7731.01,2
TCGA.56.7822.01,1
TCGA.56.7823.01,2
TCGA.56.8082.01,3
TCGA.56.8083.01,3
TCGA.56.8201.01,1
TCGA.56.8304.01,2
TCGA.56.8305.01,1
TCGA.56.8307.01,1
TCGA.56.8308.01,3
TCGA.56.8309.01,1
TCGA.56.8503.01,1
TCGA.56.8504.01,1
TCGA.56.8622.01,2
TCGA.56.8623.01,1
TCGA.56.8624.01,1
TCGA.56.8625.01,1
TCGA.56.8626.01,1
TCGA.56.8628.01,1
TCGA.56.8629.01,2
TCGA.56.A49D.01,1
TCGA.56.A4BW.01,1
TCGA.56.A4BX.01,2
TCGA.56.A4BY.01,1
TCGA.56.A4ZJ.01,1
TCGA.56.A4ZK.01,1
TCGA.56.A5DR.01,2
TCGA.56.A62T.01,1
TCGA.58.8386.01,1
TCGA.58.8387.01,1
TCGA.58.8388.01,3
TCGA.58.8390.01,3
TCGA.58.8391.01,2
TCGA.58.8392.01,3
TCGA.58.8393.01,1
TCGA.58.A46J.01,1
TCGA.58.A46K.01,3
TCGA.58.A46L.01,3
TCGA.58.A46M.01,3
TCGA.58.A46N.01,2
TCGA.60.2697.01,1
TCGA.60.2703.01,1
TCGA.60.2704.01,1
TCGA.60.2709.01,1
TCGA.63.5128.01,3
TCGA.63.5131.01,3
TCGA.63.6202.01,2
TCGA.63.7020.01,1
TCGA.63.7021.01,1
TCGA.63.7022.01,1
TCGA.63.A5M9.01,3
TCGA.63.A5MB.01,3
TCGA.63.A5MG.01,1
TCGA.63.A5MH.01,3
TCGA.63.A5MI.01,1
TCGA.63.A5MJ.01,2
TCGA.63.A5ML.01,3
TCGA.63.A5MM.01,2
TCGA.63.A5MN.01,1
TCGA.63.A5MP.01,1
TCGA.63.A5MR.01,2
TCGA.63.A5MS.01,1
TCGA.63.A5MT.01,1
TCGA.63.A5MU.01,2
TCGA.63.A5MV.01,1
TCGA.63.A5MW.01,3
TCGA.63.A5MY.01,2
TCGA.68.7755.01,2
TCGA.68.7756.01,1
TCGA.68.7757.01,1
TCGA.68.8250.01,3
TCGA.68.8251.01,1
TCGA.68.A59I.01,1
TCGA.68.A59J.01,3
TCGA.6A.AB49.01,2
TCGA.70.6722.01,1
TCGA.70.6723.01,3
TCGA.77.6842.01,3
TCGA.77.6843.01,3
TCGA.77.6844.01,3
TCGA.77.6845.01,2
TCGA.77.7138.01,2
TCGA.77.7139.01,2
TCGA.77.7140.01,2
TCGA.77.7141.01,3
TCGA.77.7142.01,1
TCGA.77.7335.01,2
TCGA.77.7337.01,1
TCGA.77.7338.01,1
TCGA.77.7463.01,2
TCGA.77.7465.01,3
TCGA.77.8007.01,1
TCGA.77.8008.01,1
TCGA.77.8009.01,2
TCGA.77.8128.01,2
TCGA.77.8130.01,2
TCGA.77.8131.01,2
TCGA.77.8133.01,1
TCGA.77.8136.01,1
TCGA.77.8138.01,2
TCGA.77.8139.01,1
TCGA.77.8140.01,2
TCGA.77.8143.01,2
TCGA.77.8144.01,1
TCGA.77.8145.01,1
TCGA.77.8148.01,2
TCGA.77.8150.01,2
TCGA.77.8153.01,2
TCGA.77.8154.01,2
TCGA.77.8156.01,1
TCGA.77.A5FZ.01,1
TCGA.77.A5G1.01,1
TCGA.77.A5G3.01,3
TCGA.77.A5G6.01,3
TCGA.77.A5G7.01,2
TCGA.77.A5G8.01,2
TCGA.77.A5GA.01,2
TCGA.77.A5GB.01,1
TCGA.77.A5GF.01,3
TCGA.77.A5GH.01,1
TCGA.79.5596.01,2
TCGA.85.6175.01,1
TCGA.85.6560.01,1
TCGA.85.6561.01,1
TCGA.85.6798.01,2
TCGA.85.7696.01,3
TCGA.85.7697.01,1
TCGA.85.7698.01,3
TCGA.85.7699.01,3
TCGA.85.7710.01,3
TCGA.85.7843.01,2
TCGA.85.7844.01,1
TCGA.85.7950.01,1
TCGA.85.8048.01,1
TCGA.85.8049.01,1
TCGA.85.8052.01,3
TCGA.85.8070.01,2
TCGA.85.8071.01,1
TCGA.85.8072.01,3
TCGA.85.8276.01,1
TCGA.85.8287.01,1
TCGA.85.8288.01,1
TCGA.85.8350.01,1
TCGA.85.8351.01,1
TCGA.85.8352.01,2
TCGA.85.8353.01,1
TCGA.85.8354.01,2
TCGA.85.8355.01,1
TCGA.85.8479.01,1
TCGA.85.8481.01,1
TCGA.85.8580.01,1
TCGA.85.8582.01,1
TCGA.85.8584.01,1
TCGA.85.8664.01,2
TCGA.85.8666.01,1
TCGA.85.A4CL.01,2
TCGA.85.A4CN.01,2
TCGA.85.A4JB.01,1
TCGA.85.A4JC.01,2
TCGA.85.A4PA.01,1
TCGA.85.A4QQ.01,2
TCGA.85.A4QR.01,2
TCGA.85.A50M.01,1
TCGA.85.A50Z.01,1
TCGA.85.A510.01,1
TCGA.85.A511.01,1
TCGA.85.A512.01,2
TCGA.85.A513.01,1
TCGA.85.A53L.01,2
TCGA.85.A5B5.01,2
TCGA.90.6837.01,1
TCGA.90.7766.01,1
TCGA.90.7767.01,3
TCGA.90.7769.01,2
TCGA.90.7964.01,2
TCGA.90.A4ED.01,1
TCGA.90.A4EE.01,3
TCGA.90.A59Q.01,1
TCGA.92.7340.01,1
TCGA.92.7341.01,2
TCGA.92.8063.01,2
TCGA.92.8064.01,1
TCGA.92.8065.01,1
TCGA.94.7033.01,2
TCGA.94.7557.01,3
TCGA.94.7943.01,2
TCGA.94.8035.01,2
TCGA.94.8490.01,2
TCGA.94.8491.01,1
TCGA.94.A4VJ.01,2
TCGA.94.A5I4.01,2
TCGA.94.A5I6.01,1
TCGA.96.7544.01,1
TCGA.96.7545.01,1
TCGA.96.8169.01,1
TCGA.96.8170.01,1
TCGA.96.A4JK.01,2
TCGA.96.A4JL.01,1
TCGA.98.7454.01,1
TCGA.98.8020.01,2
TCGA.98.8021.01,1
TCGA.98.8022.01,1
TCGA.98.8023.01,1
TCGA.98.A538.01,2
TCGA.98.A539.01,2
TCGA.98.A53A.01,3
TCGA.98.A53B.01,3
TCGA.98.A53C.01,1
TCGA.98.A53D.01,1
TCGA.98.A53H.01,1
TCGA.98.A53I.01,3
TCGA.98.A53J.01,2
TCGA.J1.A4AH.01,3
TCGA.L3.A4E7.01,1
TCGA.L3.A524.01,2
TCGA.LA.A446.01,2
TCGA.LA.A7SW.01,1
TCGA.MF.A522.01,2
TCGA.NC.A5HD.01,2
TCGA.NC.A5HE.01,1
TCGA.NC.A5HF.01,2
TCGA.NC.A5HG.01,2
TCGA.NC.A5HH.01,2
TCGA.NC.A5HI.01,2
TCGA.NC.A5HJ.01,1
TCGA.NC.A5HK.01,2
TCGA.NC.A5HL.01,3
TCGA.NC.A5HM.01,2
TCGA.NC.A5HN.01,2
TCGA.NC.A5HO.01,2
TCGA.NC.A5HP.01,3
TCGA.NC.A5HQ.01,3
TCGA.NC.A5HR.01,2
TCGA.NC.A5HT.01,3
TCGA.NK.A5CR.01,2
TCGA.NK.A5CT.01,2
TCGA.NK.A5CX.01,1
TCGA.NK.A5D1.01,3
TCGA.NK.A7XE.01,2
TCGA.O2.A52N.01,1
TCGA.O2.A52Q.01,1
TCGA.O2.A52S.01,3
TCGA.O2.A52V.01,1
TCGA.O2.A52W.01,2
TCGA.O2.A5IB.01,3
TCGA.XC.AA0X.01,1
